date,views
2025-07-01,298094
2025-07-02,129321
2025-07-03,118645
2025-07-04,99407
2025-07-05,309161
2025-07-06,70521
2025-07-07,94490
2025-07-08,107065
2025-07-09,120604
2025-07-10,110054
2025-07-11,116562
2025-07-12,71076
2025-07-13,65496
2025-07-14,106446
2025-07-15,112197
2025-07-16,113441
2025-07-17,118415
2025-07-18,110640
2025-07-19,65564
2025-07-20,63894
2025-07-21,104772
2025-07-22,117823
2025-07-23,112988
2025-07-24,140035
2025-07-25,118768
2025-07-26,72738
2025-07-27,73885
2025-07-28,108736
2025-07-29,120158
2025-07-30,119553
2025-07-31,117226
2025-08-01,107807
2025-08-02,62040
2025-08-03,62384
2025-08-04,95277
2025-08-05,109546
2025-08-06,196607
2025-08-07,120195
2025-08-08,116723
2025-08-09,97184
2025-08-10,92649
2025-08-11,124653
2025-08-12,127163
2025-08-13,129192
2025-08-14,128793
2025-08-15,121205
2025-08-16,80694
2025-08-17,76622
2025-08-18,115992
2025-08-19,130939
2025-08-20,136398
2025-08-21,127619
2025-08-22,122902
2025-08-23,92378
2025-08-24,104682
2025-08-25,141497
2025-08-26,141793
2025-08-27,159415
2025-08-28,149404
2025-08-29,139655
2025-08-30,91145
2025-08-31,86135
2025-09-01,93865
2025-09-02,114837
2025-09-03,126113
2025-09-04,138750
2025-09-05,140014
2025-09-06,81972
2025-09-07,79780
2025-09-08,119152
2025-09-09,169887
2025-09-10,144104
2025-09-11,158608
2025-09-12,269641
2025-09-13,200902
2025-09-14,196536
2025-09-15,197013
2025-09-16,191538
2025-09-17,195315
2025-09-18,220537
2025-09-19,216482
2025-09-20,141810
2025-09-21,162605
2025-09-22,203831
2025-09-23,204194
2025-09-24,203251
2025-09-25,205794
2025-09-26,200080
2025-09-27,126021
2025-09-28,138205
2025-09-29,194246
2025-09-30,211263
2025-10-01,201787
2025-10-02,202176
2025-10-03,195421
2025-10-04,136941
2025-10-05,145853
2025-10-06,200804
2025-10-07,245878
2025-10-08,258838
2025-10-09,241343
2025-10-10,246450
2025-10-11,201833
2025-10-12,301794
2025-10-13,241991
2025-10-14,243874
2025-10-15,227251
2025-10-16,244682
2025-10-17,246380
2025-10-18,145917
2025-10-19,160323
2025-10-20,395128
2025-10-21,435242
2025-10-22,354442
2025-10-23,356317
2025-10-24,336125
2025-10-25,236126
2025-10-26,321813
2025-10-27,395705
2025-10-28,392224
2025-10-29,490337
2025-10-30,431071
2025-10-31,312759
2025-11-01,200405
2025-11-02,243041
2025-11-03,270671
2025-11-04,306762
2025-11-05,304261
2025-11-06,298333
2025-11-07,292735
2025-11-08,188818
2025-11-09,187457
2025-11-10,268833
2025-11-11,263565
2025-11-12,285568
2025-11-13,328080
2025-11-14,304322
2025-11-15,170794
2025-11-16,195717
2025-11-17,268597
2025-11-18,290122
2025-11-19,327721
2025-11-20,298334
2025-11-21,306108
2025-11-22,220222
2025-11-23,196546
2025-11-24,251177
2025-11-25,331772
2025-11-26,303736
2025-11-27,286327
2025-11-28,283507
2025-11-29,215680
2025-11-30,212694
2025-12-01,309767
2025-12-02,311261
2025-12-03,321008
2025-12-04,408277
2025-12-05,342687
2025-12-06,292511
2025-12-07,237894
2025-12-08,289940
2025-12-09,294154
2025-12-10,306239
2025-12-11,311326
2025-12-12,337841
2025-12-13,251034
2025-12-14,229195
2025-12-15,279068
2025-12-16,296986
2025-12-17,311408
2025-12-18,293374
2025-12-19,269513
2025-12-20,179613
2025-12-21,162345
2025-12-22,223706
2025-12-23,226820
2025-12-24,227606
2025-12-25,180014
2025-12-26,179946
2025-12-27,167962
2025-12-28,162406
2025-12-29,242034
2025-12-30,266484
2025-12-31,236523
2026-01-01,204635
2026-01-02,227002
2026-01-03,239059
2026-01-04,268700
2026-01-05,337962
2026-01-06,305347
2026-01-07,303350
2026-01-08,291370
2026-01-09,292194
2026-01-10,266476
2026-01-11,265708
2026-01-12,270218
2026-01-13,293770
2026-01-14,302438
2026-01-15,312767
2026-01-16,286806
2026-01-17,181924
2026-01-18,207309
2026-01-19,257169
2026-01-20,416175
2026-01-21,499364
2026-01-22,404536
2026-01-23,345924
2026-01-24,249489
2026-01-25,240994
2026-01-26,394659
2026-01-27,360089
2026-01-28,361868
2026-01-29,366834
2026-01-30,427767
2026-01-31,348825
2026-02-01,358455
2026-02-02,336854
2026-02-03,413664
2026-02-04,687165
2026-02-05,367239
2026-02-06,386121
2026-02-07,258247
2026-02-08,239132
2026-02-09,364795
2026-02-10,363446
2026-02-11,388561
2026-02-12,406999
2026-02-13,403740
2026-02-14,275288
2026-02-15,376872
2026-02-16,288830
2026-02-17,301749
2026-02-18,348061
2026-02-19,460942
2026-02-20,438806
2026-02-21,343529
2026-02-22,310121
2026-02-23,425737
2026-02-24,517321
2026-02-25,450671
2026-02-26,699818
2026-02-27,467659
2026-02-28,363639
2026-03-01,307531
2026-03-02,350878
2026-03-03,458242
2026-03-04,450632
2026-03-05,407458
2026-03-06,462560
2026-03-07,360482
2026-03-08,453296
2026-03-09,396424
2026-03-10,459727
2026-03-11,470701
2026-03-12,403146
2026-03-13,391218
2026-03-14,293557
2026-03-15,286146
2026-03-16,364187
2026-03-17,393100
2026-03-18,368193
2026-03-19,385151
2026-03-20,388448
2026-03-21,304987
2026-03-22,291909
2026-03-23,343660
2026-03-24,380984
2026-03-25,393746
2026-03-26,432523
2026-03-27,495742
2026-03-28,417768
2026-03-29,404297
2026-03-30,493690
2026-03-31,581145
2026-04-01,690955
2026-04-02,596747
2026-04-03,583211
2026-04-04,437573
2026-04-05,401164
2026-04-06,545729
2026-04-07,519641
2026-04-08,501274
2026-04-09,579417
2026-04-10,754414
2026-04-11,549179
2026-04-12,421099
2026-04-13,501594
2026-04-14,516872
2026-04-15,514630
2026-04-16,524985
2026-04-17,490237
2026-04-18,385599
2026-04-19,396375
2026-04-20,553946
2026-04-21,494896
2026-04-22,473150
2026-04-23,436088
2026-04-24,471501
2026-04-25,365804
2026-04-26,365359
2026-04-27,438069
2026-04-28,499011
2026-04-29,487569
2026-04-30,472540
2026-05-01,413173
2026-05-02,327347
2026-05-03,326842
2026-05-04,387592
2026-05-05,427477
2026-05-06,441404
2026-05-07,463687
2026-05-08,447184
2026-05-09,349137
2026-05-10,375939
2026-05-11,475492
2026-05-12,522467
2026-05-13,533991
2026-05-14,650304
2026-05-15,496555
2026-05-16,526113
2026-05-17,562296
2026-05-18,861157
2026-05-19,861056
2026-05-20,753768
2026-05-21,859766
2026-05-22,886575
2026-05-23,664172
2026-05-24,664371
2026-05-25,794294
2026-05-26,1107685
2026-05-27,878014
2026-05-28,860493
2026-05-29,836291
2026-05-30,653383
2026-05-31,842887
2026-06-01,1340952
2026-06-02,1003575
2026-06-03,1104985
2026-06-04,1039834
2026-06-05,925736
2026-06-06,855737
2026-06-07,790687
2026-06-08,996342
2026-06-09,1137220
2026-06-10,1275010
2026-06-11,3412417
2026-06-12,2291074
2026-06-13,1420478
2026-06-14,2498446
2026-06-15,4546755
2026-06-16,3957857
2026-06-17,3253958
2026-06-18,2794907
2026-06-19,2980678
2026-06-20,2712959
2026-06-21,2981469
2026-06-22,4794613
2026-06-23,2848258
2026-06-24,2353726
2026-06-25,3009693
2026-06-26,2586235
2026-06-27,4092839
2026-06-28,2041932
2026-06-29,2714622
2026-06-30,3355800
2026-07-01,3013345
2026-07-02,1592606
2026-07-03,8506905
2026-07-04,20046422
2026-07-05,2947503
2026-07-06,3089613
2026-07-07,5805253
2026-07-08,2909523
2026-07-09,1578403
2026-07-10,1245292
2026-07-11,841135
2026-07-12,1127639
