snapshot_date,country_code,country,impressions
2026-07-08,US,United States,206360
2026-07-08,IN,India,34150
2026-07-08,SG,Singapore,6868
2026-07-08,ID,Indonesia,6513
2026-07-08,GB,United Kingdom,2211
2026-07-08,AU,Australia,1407
2026-07-08,ES,Spain,1192
2026-07-08,RS,Serbia,1074
2026-07-08,BD,Bangladesh,1047
2026-07-08,PH,Philippines,1027
2026-07-08,MY,Malaysia,913
2026-07-08,CA,Canada,884
2026-07-08,SA,Saudi Arabia,807
2026-07-08,DE,Germany,746
2026-07-08,GR,Greece,621
2026-07-08,HR,Croatia,436
2026-07-08,BG,Bulgaria,428
2026-07-08,HK,Hong Kong,387
2026-07-08,NL,Netherlands,350
2026-07-08,FR,France,342
2026-07-08,ZA,South Africa,252
2026-07-08,AE,United Arab Emirates,248
2026-07-08,SI,Slovenia,247
2026-07-08,BR,Brazil,235
2026-07-08,HU,Hungary,226
2026-07-08,ME,Montenegro,220
2026-07-08,PE,Peru,194
2026-07-08,BE,Belgium,181
2026-07-08,MK,Macedonia,180
2026-07-08,AR,Argentina,173
2026-07-08,IE,Ireland,166
2026-07-08,FJ,Fiji,143
2026-07-08,PL,Poland,139
2026-07-08,CO,Colombia,137
2026-07-08,SE,Sweden,137
2026-07-08,MX,Mexico,137
2026-07-08,IT,Italy,136
2026-07-08,EG,Egypt,130
2026-07-08,CL,Chile,120
2026-07-08,MV,Maldives,108
2026-07-08,NG,Nigeria,106
2026-07-08,JO,Jordan,98
2026-07-08,BA,Bosnia And Herzegovina,97
2026-07-08,TH,Thailand,92
2026-07-08,NP,Nepal,91
2026-07-08,AT,Austria,82
2026-07-08,TW,Taiwan,76
2026-07-08,TR,Turkey,74
2026-07-08,FI,Finland,74
2026-07-08,NO,Norway,67
2026-07-08,PT,Portugal,67
2026-07-08,MA,Morocco,63
2026-07-08,QA,Qatar,58
2026-07-08,PK,Pakistan,58
2026-07-08,BY,Belarus,55
2026-07-08,CR,Costa Rica,52
2026-07-08,PY,Paraguay,52
2026-07-08,XK,Kosovo,49
2026-07-08,RO,Romania,49
2026-07-08,AM,Armenia,48
2026-07-08,UA,Ukraine,48
2026-07-08,PA,Panama,47
2026-07-08,GT,Guatemala,47
2026-07-08,IQ,Iraq,46
2026-07-08,CH,Switzerland,45
2026-07-08,SV,El Salvador,41
2026-07-08,CY,Cyprus,41
2026-07-08,NZ,New Zealand,37
2026-07-08,JP,Japan,36
2026-07-08,AZ,Azerbaijan,36
2026-07-08,LT,Lithuania,35
2026-07-08,DZ,Algeria,35
2026-07-08,VE,Venezuela,34
2026-07-08,SK,Slovakia,33
2026-07-08,UZ,Uzbekistan,33
2026-07-08,KH,Cambodia,32
2026-07-08,VN,Viet Nam,31
2026-07-08,KR,Korea,30
2026-07-08,PS,"Palestinian Territory, Occupied",28
2026-07-08,GH,Ghana,28
2026-07-08,KE,Kenya,28
2026-07-08,LK,Sri Lanka,25
2026-07-08,UY,Uruguay,23
2026-07-08,LB,Lebanon,23
2026-07-08,CZ,Czech Republic,23
2026-07-08,DK,Denmark,21
2026-07-08,EC,Ecuador,21
2026-07-08,PR,Puerto Rico,20
2026-07-08,OM,Oman,19
2026-07-08,MU,Mauritius,18
2026-07-08,BO,Bolivia,18
2026-07-08,KZ,Kazakhstan,16
2026-07-08,TT,Trinidad And Tobago,16
2026-07-08,MM,Myanmar,16
2026-07-08,BN,Brunei Darussalam,14
2026-07-08,HN,Honduras,13
2026-07-08,KW,Kuwait,12
2026-07-08,GE,Georgia,12
2026-07-08,TL,Timor-Leste,12
2026-07-08,LY,Libyan Arab Jamahiriya,12
2026-07-08,TN,Tunisia,11
2026-07-08,DO,Dominican Republic,11
2026-07-08,IS,Iceland,10
2026-07-08,NI,Nicaragua,10
2026-07-08,MD,Moldova,9
2026-07-08,AL,Albania,8
2026-07-08,ET,Ethiopia,6
2026-07-08,IR,"Iran, Islamic Republic Of",6
2026-07-08,MO,Macao,6
2026-07-08,SD,Sudan,5
2026-07-08,BH,Bahrain,5
2026-07-08,SN,Senegal,5
2026-07-08,IL,Israel,5
2026-07-08,GN,Guinea,4
2026-07-08,XX,Undefined,4
2026-07-08,EE,Estonia,3
2026-07-08,MZ,Mozambique,3
2026-07-08,MN,Mongolia,3
2026-07-08,CN,China,3
2026-07-08,JM,Jamaica,3
2026-07-08,LU,Luxembourg,3
2026-07-08,SR,Suriname,3
2026-07-08,BT,Bhutan,3
2026-07-08,CD,"Congo, Democratic Republic",2
2026-07-08,AD,Andorra,2
2026-07-08,SB,Solomon Islands,2
2026-07-08,RU,Russia,2
2026-07-08,ZW,Zimbabwe,2
2026-07-08,CW,Undefined,2
2026-07-08,MG,Madagascar,2
2026-07-08,TZ,Tanzania,1
2026-07-08,KG,Kyrgyzstan,1
2026-07-08,JE,Jersey,1
2026-07-08,RE,Reunion,1
2026-07-08,CI,Cote D'Ivoire,1
2026-07-08,BZ,Belize,1
2026-07-08,AF,Afghanistan,1
2026-07-08,BW,Botswana,1
2026-07-08,CV,Cape Verde,1
2026-07-08,GY,Guyana,1
2026-07-08,AO,Angola,1
2026-07-08,TJ,Tajikistan,1
2026-07-08,YE,Yemen,1
2026-07-08,SY,Syrian Arab Republic,1
2026-07-08,LV,Latvia,1
2026-07-08,MT,Malta,1
2026-07-08,AW,Aruba,1
2026-07-08,SO,Somalia,1
2026-07-13,US,United States,1474117
2026-07-13,IN,India,78813
2026-07-13,SG,Singapore,19996
2026-07-13,ID,Indonesia,10414
2026-07-13,GB,United Kingdom,9402
2026-07-13,FR,France,4832
2026-07-13,GR,Greece,3847
2026-07-13,RS,Serbia,3764
2026-07-13,DE,Germany,3001
2026-07-13,PH,Philippines,2996
2026-07-13,CA,Canada,2976
2026-07-13,AU,Australia,2319
2026-07-13,ES,Spain,2223
2026-07-13,BG,Bulgaria,1965
2026-07-13,SA,Saudi Arabia,1824
2026-07-13,MY,Malaysia,1684
2026-07-13,BD,Bangladesh,1501
2026-07-13,HR,Croatia,1362
2026-07-13,BA,Bosnia And Herzegovina,1299
2026-07-13,HU,Hungary,1277
2026-07-13,IE,Ireland,1166
2026-07-13,SI,Slovenia,1079
2026-07-13,BE,Belgium,1028
2026-07-13,NL,Netherlands,930
2026-07-13,BR,Brazil,872
2026-07-13,PL,Poland,822
2026-07-13,IT,Italy,821
2026-07-13,MV,Maldives,739
2026-07-13,ZA,South Africa,732
2026-07-13,EG,Egypt,692
2026-07-13,HK,Hong Kong,686
2026-07-13,MX,Mexico,685
2026-07-13,ME,Montenegro,616
2026-07-13,DZ,Algeria,603
2026-07-13,SE,Sweden,601
2026-07-13,FJ,Fiji,572
2026-07-13,UA,Ukraine,525
2026-07-13,AE,United Arab Emirates,522
2026-07-13,PE,Peru,511
2026-07-13,MK,Macedonia,510
2026-07-13,RO,Romania,460
2026-07-13,BY,Belarus,451
2026-07-13,NG,Nigeria,449
2026-07-13,LT,Lithuania,430
2026-07-13,NO,Norway,430
2026-07-13,TR,Turkey,430
2026-07-13,AR,Argentina,407
2026-07-13,DK,Denmark,401
2026-07-13,SK,Slovakia,392
2026-07-13,CH,Switzerland,390
2026-07-13,CO,Colombia,386
2026-07-13,JP,Japan,335
2026-07-13,CY,Cyprus,328
2026-07-13,CL,Chile,323
2026-07-13,AT,Austria,321
2026-07-13,IQ,Iraq,280
2026-07-13,MA,Morocco,266
2026-07-13,PT,Portugal,264
2026-07-13,PK,Pakistan,264
2026-07-13,NZ,New Zealand,252
2026-07-13,QA,Qatar,248
2026-07-13,KZ,Kazakhstan,248
2026-07-13,FI,Finland,243
2026-07-13,CZ,Czech Republic,226
2026-07-13,NP,Nepal,222
2026-07-13,JO,Jordan,222
2026-07-13,TH,Thailand,217
2026-07-13,PA,Panama,201
2026-07-13,GE,Georgia,189
2026-07-13,VN,Viet Nam,188
2026-07-13,XK,Kosovo,179
2026-07-13,UZ,Uzbekistan,162
2026-07-13,AM,Armenia,156
2026-07-13,MM,Myanmar,154
2026-07-13,KR,Korea,149
2026-07-13,TW,Taiwan,136
2026-07-13,CR,Costa Rica,136
2026-07-13,MD,Moldova,124
2026-07-13,EC,Ecuador,119
2026-07-13,AZ,Azerbaijan,118
2026-07-13,TN,Tunisia,115
2026-07-13,VE,Venezuela,115
2026-07-13,GT,Guatemala,106
2026-07-13,BH,Bahrain,102
2026-07-13,SV,El Salvador,100
2026-07-13,SN,Senegal,98
2026-07-13,PY,Paraguay,84
2026-07-13,LB,Lebanon,82
2026-07-13,OM,Oman,79
2026-07-13,IS,Iceland,72
2026-07-13,TT,Trinidad And Tobago,71
2026-07-13,KH,Cambodia,71
2026-07-13,BO,Bolivia,70
2026-07-13,GH,Ghana,68
2026-07-13,KW,Kuwait,66
2026-07-13,UY,Uruguay,63
2026-07-13,LY,Libyan Arab Jamahiriya,58
2026-07-13,PS,"Palestinian Territory, Occupied",57
2026-07-13,MU,Mauritius,56
2026-07-13,HN,Honduras,49
2026-07-13,NI,Nicaragua,49
2026-07-13,KE,Kenya,46
2026-07-13,LU,Luxembourg,44
2026-07-13,IL,Israel,43
2026-07-13,EE,Estonia,42
2026-07-13,CI,Cote D'Ivoire,40
2026-07-13,LK,Sri Lanka,40
2026-07-13,BN,Brunei Darussalam,32
2026-07-13,RU,Russia,30
2026-07-13,MN,Mongolia,27
2026-07-13,ET,Ethiopia,27
2026-07-13,DO,Dominican Republic,24
2026-07-13,AL,Albania,24
2026-07-13,GN,Guinea,23
2026-07-13,IR,"Iran, Islamic Republic Of",22
2026-07-13,PR,Puerto Rico,21
2026-07-13,SD,Sudan,20
2026-07-13,BZ,Belize,18
2026-07-13,GI,Gibraltar,17
2026-07-13,TL,Timor-Leste,16
2026-07-13,MG,Madagascar,15
2026-07-13,LV,Latvia,15
2026-07-13,MT,Malta,14
2026-07-13,PF,French Polynesia,14
2026-07-13,SY,Syrian Arab Republic,14
2026-07-13,MZ,Mozambique,11
2026-07-13,RE,Reunion,11
2026-07-13,HT,Haiti,11
2026-07-13,XX,Undefined,10
2026-07-13,CV,Cape Verde,9
2026-07-13,JM,Jamaica,9
2026-07-13,CN,China,8
2026-07-13,TG,Togo,8
2026-07-13,MO,Macao,7
2026-07-13,MQ,Martinique,6
2026-07-13,YE,Yemen,6
2026-07-13,BJ,Benin,6
2026-07-13,RW,Rwanda,6
2026-07-13,GM,Gambia,6
2026-07-13,TZ,Tanzania,6
2026-07-13,ML,Mali,5
2026-07-13,BF,Burkina Faso,5
2026-07-13,MF,Saint Martin,5
2026-07-13,GY,Guyana,5
2026-07-13,ZM,Zambia,5
2026-07-13,CM,Cameroon,4
2026-07-13,AW,Aruba,4
2026-07-13,DJ,Djibouti,4
2026-07-13,ZW,Zimbabwe,4
2026-07-13,JE,Jersey,4
2026-07-13,MW,Malawi,4
2026-07-13,SR,Suriname,3
2026-07-13,LI,Liechtenstein,3
2026-07-13,BS,Bahamas,3
2026-07-13,BT,Bhutan,3
2026-07-13,BW,Botswana,3
2026-07-13,KG,Kyrgyzstan,3
2026-07-13,UG,Uganda,3
2026-07-13,SO,Somalia,2
2026-07-13,AD,Andorra,2
2026-07-13,TD,Chad,2
2026-07-13,CD,"Congo, Democratic Republic",2
2026-07-13,CW,Undefined,2
2026-07-13,TJ,Tajikistan,2
2026-07-13,SB,Solomon Islands,2
2026-07-13,GP,Guadeloupe,2
2026-07-13,BM,Bermuda,2
2026-07-13,LC,Saint Lucia,2
2026-07-13,NE,Niger,1
2026-07-13,AF,Afghanistan,1
2026-07-13,LS,Lesotho,1
2026-07-13,AO,Angola,1
2026-07-13,CG,Congo,1
2026-07-20,US,United States,3355602
2026-07-20,IN,India,142724
2026-07-20,SG,Singapore,42823
2026-07-20,ID,Indonesia,17421
2026-07-20,GB,United Kingdom,16154
2026-07-20,FR,France,9030
2026-07-20,GR,Greece,8832
2026-07-20,RS,Serbia,8005
2026-07-20,DE,Germany,6580
2026-07-20,CA,Canada,5000
2026-07-20,PH,Philippines,4957
2026-07-20,ES,Spain,4496
2026-07-20,BG,Bulgaria,4423
2026-07-20,AU,Australia,4164
2026-07-20,SA,Saudi Arabia,3296
2026-07-20,BA,Bosnia And Herzegovina,3262
2026-07-20,HR,Croatia,3167
2026-07-20,HU,Hungary,3111
2026-07-20,MY,Malaysia,3080
2026-07-20,SI,Slovenia,2359
2026-07-20,BD,Bangladesh,2119
2026-07-20,MV,Maldives,1950
2026-07-20,NL,Netherlands,1940
2026-07-20,IE,Ireland,1936
2026-07-20,GE,Georgia,1831
2026-07-20,BE,Belgium,1637
2026-07-20,PL,Poland,1589
2026-07-20,ZA,South Africa,1540
2026-07-20,IT,Italy,1535
2026-07-20,BR,Brazil,1520
2026-07-20,MX,Mexico,1454
2026-07-20,SE,Sweden,1430
2026-07-20,ME,Montenegro,1389
2026-07-20,EG,Egypt,1369
2026-07-20,UA,Ukraine,1369
2026-07-20,CY,Cyprus,1340
2026-07-20,MK,Macedonia,1296
2026-07-20,DZ,Algeria,1278
2026-07-20,FJ,Fiji,1109
2026-07-20,LT,Lithuania,1108
2026-07-20,HK,Hong Kong,1103
2026-07-20,CH,Switzerland,1092
2026-07-20,TR,Turkey,1083
2026-07-20,AE,United Arab Emirates,1005
2026-07-20,SK,Slovakia,930
2026-07-20,PE,Peru,871
2026-07-20,RO,Romania,819
2026-07-20,NO,Norway,761
2026-07-20,CO,Colombia,729
2026-07-20,IQ,Iraq,720
2026-07-20,AT,Austria,707
2026-07-20,XK,Kosovo,705
2026-07-20,DK,Denmark,691
2026-07-20,AR,Argentina,691
2026-07-20,CL,Chile,691
2026-07-20,NZ,New Zealand,683
2026-07-20,MA,Morocco,606
2026-07-20,PT,Portugal,603
2026-07-20,BY,Belarus,601
2026-07-20,NG,Nigeria,597
2026-07-20,CZ,Czech Republic,578
2026-07-20,JP,Japan,569
2026-07-20,QA,Qatar,504
2026-07-20,FI,Finland,504
2026-07-20,NP,Nepal,481
2026-07-20,JO,Jordan,466
2026-07-20,UZ,Uzbekistan,441
2026-07-20,PA,Panama,413
2026-07-20,KR,Korea,406
2026-07-20,PK,Pakistan,393
2026-07-20,AM,Armenia,366
2026-07-20,MM,Myanmar,360
2026-07-20,TH,Thailand,347
2026-07-20,MD,Moldova,321
2026-07-20,VN,Viet Nam,298
2026-07-20,KZ,Kazakhstan,277
2026-07-20,TW,Taiwan,266
2026-07-20,CR,Costa Rica,243
2026-07-20,TN,Tunisia,239
2026-07-20,KW,Kuwait,238
2026-07-20,VE,Venezuela,238
2026-07-20,GT,Guatemala,237
2026-07-20,EC,Ecuador,234
2026-07-20,LK,Sri Lanka,223
2026-07-20,AZ,Azerbaijan,190
2026-07-20,SV,El Salvador,172
2026-07-20,UY,Uruguay,163
2026-07-20,OM,Oman,161
2026-07-20,EE,Estonia,158
2026-07-20,PY,Paraguay,146
2026-07-20,BH,Bahrain,142
2026-07-20,TT,Trinidad And Tobago,132
2026-07-20,BO,Bolivia,132
2026-07-20,CI,Cote D'Ivoire,114
2026-07-20,MU,Mauritius,114
2026-07-20,SN,Senegal,113
2026-07-20,KH,Cambodia,112
2026-07-20,LB,Lebanon,109
2026-07-20,LY,Libyan Arab Jamahiriya,104
2026-07-20,IL,Israel,104
2026-07-20,IS,Iceland,104
2026-07-20,MN,Mongolia,100
2026-07-20,PS,"Palestinian Territory, Occupied",92
2026-07-20,GH,Ghana,89
2026-07-20,HN,Honduras,80
2026-07-20,NI,Nicaragua,80
2026-07-20,AL,Albania,79
2026-07-20,RU,Russia,77
2026-07-20,KE,Kenya,74
2026-07-20,LU,Luxembourg,66
2026-07-20,JM,Jamaica,54
2026-07-20,ET,Ethiopia,54
2026-07-20,SY,Syrian Arab Republic,53
2026-07-20,DO,Dominican Republic,51
2026-07-20,IR,"Iran, Islamic Republic Of",51
2026-07-20,BN,Brunei Darussalam,49
2026-07-20,SD,Sudan,42
2026-07-20,MT,Malta,40
2026-07-20,MG,Madagascar,37
2026-07-20,LV,Latvia,34
2026-07-20,PR,Puerto Rico,34
2026-07-20,GN,Guinea,27
2026-07-20,RE,Reunion,26
2026-07-20,CG,Congo,26
2026-07-20,TL,Timor-Leste,24
2026-07-20,CD,"Congo, Democratic Republic",24
2026-07-20,RW,Rwanda,24
2026-07-20,CN,China,24
2026-07-20,BZ,Belize,18
2026-07-20,XX,Undefined,17
2026-07-20,GI,Gibraltar,17
2026-07-20,SR,Suriname,16
2026-07-20,PF,French Polynesia,15
2026-07-20,BW,Botswana,15
2026-07-20,HT,Haiti,15
2026-07-20,MZ,Mozambique,14
2026-07-20,GP,Guadeloupe,14
2026-07-20,YE,Yemen,12
2026-07-20,NA,Namibia,11
2026-07-20,MO,Macao,11
2026-07-20,TZ,Tanzania,11
2026-07-20,TG,Togo,10
2026-07-20,AW,Aruba,9
2026-07-20,MQ,Martinique,9
2026-07-20,CV,Cape Verde,9
2026-07-20,MW,Malawi,9
2026-07-20,KG,Kyrgyzstan,9
2026-07-20,CM,Cameroon,7
2026-07-20,JE,Jersey,7
2026-07-20,LS,Lesotho,7
2026-07-20,GY,Guyana,7
2026-07-20,GM,Gambia,6
2026-07-20,BJ,Benin,6
2026-07-20,BF,Burkina Faso,6
2026-07-20,UG,Uganda,6
2026-07-20,SO,Somalia,5
2026-07-20,PG,Papua New Guinea,5
2026-07-20,ZM,Zambia,5
2026-07-20,BM,Bermuda,5
2026-07-20,TO,Tonga,5
2026-07-20,MF,Saint Martin,5
2026-07-20,DJ,Djibouti,5
2026-07-20,AO,Angola,5
2026-07-20,ML,Mali,5
2026-07-20,ZW,Zimbabwe,5
2026-07-20,CW,Undefined,5
2026-07-20,IM,Isle Of Man,4
2026-07-20,TD,Chad,4
2026-07-20,BT,Bhutan,4
2026-07-20,BB,Barbados,3
2026-07-20,LI,Liechtenstein,3
2026-07-20,BS,Bahamas,3
2026-07-20,LC,Saint Lucia,3
2026-07-20,TJ,Tajikistan,2
2026-07-20,AD,Andorra,2
2026-07-20,SB,Solomon Islands,2
2026-07-20,NC,New Caledonia,2
2026-07-20,MR,Mauritania,1
2026-07-20,NE,Niger,1
2026-07-20,AF,Afghanistan,1
2026-07-20,SS,South Sudan,1
2026-07-20,WS,Samoa,1
2026-07-20,KY,Cayman Islands,1
2026-07-20,MC,Monaco,1
2026-07-27,US,United States,4822073
2026-07-27,IN,India,203021
2026-07-27,SG,Singapore,67275
2026-07-27,ID,Indonesia,24199
2026-07-27,GB,United Kingdom,19293
2026-07-27,GR,Greece,12290
2026-07-27,FR,France,11188
2026-07-27,RS,Serbia,10381
2026-07-27,DE,Germany,9582
2026-07-27,PH,Philippines,7801
2026-07-27,CA,Canada,6708
2026-07-27,BG,Bulgaria,6259
2026-07-27,ES,Spain,6181
2026-07-27,AU,Australia,5220
2026-07-27,SA,Saudi Arabia,4806
2026-07-27,BA,Bosnia And Herzegovina,4755
2026-07-27,HU,Hungary,4598
2026-07-27,HR,Croatia,4403
2026-07-27,MY,Malaysia,4378
2026-07-27,SI,Slovenia,3307
2026-07-27,BD,Bangladesh,2675
2026-07-27,PL,Poland,2522
2026-07-27,IE,Ireland,2485
2026-07-27,NL,Netherlands,2406
2026-07-27,MV,Maldives,2291
2026-07-27,MX,Mexico,2213
2026-07-27,BE,Belgium,2172
2026-07-27,CH,Switzerland,2071
2026-07-27,ZA,South Africa,2059
2026-07-27,UA,Ukraine,2056
2026-07-27,BR,Brazil,2046
2026-07-27,IT,Italy,2036
2026-07-27,EG,Egypt,1963
2026-07-27,ME,Montenegro,1908
2026-07-27,SE,Sweden,1904
2026-07-27,GE,Georgia,1894
2026-07-27,MK,Macedonia,1870
2026-07-27,DZ,Algeria,1853
2026-07-27,TR,Turkey,1734
2026-07-27,RO,Romania,1723
2026-07-27,FJ,Fiji,1685
2026-07-27,CY,Cyprus,1674
2026-07-27,AE,United Arab Emirates,1562
2026-07-27,SK,Slovakia,1531
2026-07-27,LT,Lithuania,1498
2026-07-27,HK,Hong Kong,1485
2026-07-27,PE,Peru,1204
2026-07-27,NO,Norway,1131
2026-07-27,IQ,Iraq,1114
2026-07-27,CZ,Czech Republic,1031
2026-07-27,CL,Chile,1025
2026-07-27,BY,Belarus,1005
2026-07-27,CO,Colombia,962
2026-07-27,AR,Argentina,947
2026-07-27,XK,Kosovo,902
2026-07-27,PT,Portugal,845
2026-07-27,AT,Austria,839
2026-07-27,DK,Denmark,839
2026-07-27,JP,Japan,820
2026-07-27,NZ,New Zealand,810
2026-07-27,MA,Morocco,782
2026-07-27,FI,Finland,757
2026-07-27,NG,Nigeria,753
2026-07-27,UZ,Uzbekistan,709
2026-07-27,JO,Jordan,684
2026-07-27,NP,Nepal,649
2026-07-27,QA,Qatar,645
2026-07-27,KR,Korea,603
2026-07-27,PA,Panama,554
2026-07-27,PK,Pakistan,510
2026-07-27,MM,Myanmar,483
2026-07-27,AM,Armenia,460
2026-07-27,MD,Moldova,437
2026-07-27,VN,Viet Nam,426
2026-07-27,TH,Thailand,409
2026-07-27,TN,Tunisia,387
2026-07-27,CR,Costa Rica,375
2026-07-27,GT,Guatemala,374
2026-07-27,TW,Taiwan,372
2026-07-27,EC,Ecuador,358
2026-07-27,VE,Venezuela,346
2026-07-27,KW,Kuwait,307
2026-07-27,LK,Sri Lanka,307
2026-07-27,KZ,Kazakhstan,305
2026-07-27,AZ,Azerbaijan,278
2026-07-27,TT,Trinidad And Tobago,227
2026-07-27,SV,El Salvador,222
2026-07-27,EE,Estonia,222
2026-07-27,UY,Uruguay,219
2026-07-27,PY,Paraguay,211
2026-07-27,OM,Oman,209
2026-07-27,BO,Bolivia,208
2026-07-27,MN,Mongolia,187
2026-07-27,BH,Bahrain,176
2026-07-27,MU,Mauritius,144
2026-07-27,IL,Israel,143
2026-07-27,CI,Cote D'Ivoire,139
2026-07-27,LY,Libyan Arab Jamahiriya,135
2026-07-27,HN,Honduras,134
2026-07-27,KH,Cambodia,133
2026-07-27,LB,Lebanon,132
2026-07-27,SN,Senegal,121
2026-07-27,PS,"Palestinian Territory, Occupied",120
2026-07-27,ET,Ethiopia,118
2026-07-27,IS,Iceland,117
2026-07-27,RU,Russia,112
2026-07-27,AL,Albania,106
2026-07-27,KE,Kenya,102
2026-07-27,GH,Ghana,101
2026-07-27,NI,Nicaragua,98
2026-07-27,JM,Jamaica,97
2026-07-27,SY,Syrian Arab Republic,92
2026-07-27,BN,Brunei Darussalam,90
2026-07-27,MO,Macao,86
2026-07-27,LU,Luxembourg,82
2026-07-27,DO,Dominican Republic,81
2026-07-27,IR,"Iran, Islamic Republic Of",80
2026-07-27,PR,Puerto Rico,78
2026-07-27,LV,Latvia,63
2026-07-27,SD,Sudan,62
2026-07-27,MQ,Martinique,53
2026-07-27,MT,Malta,46
2026-07-27,MG,Madagascar,44
2026-07-27,CN,China,42
2026-07-27,CG,Congo,40
2026-07-27,RE,Reunion,37
2026-07-27,RW,Rwanda,32
2026-07-27,TL,Timor-Leste,31
2026-07-27,GN,Guinea,27
2026-07-27,CD,"Congo, Democratic Republic",26
2026-07-27,SO,Somalia,25
2026-07-27,NA,Namibia,25
2026-07-27,BW,Botswana,25
2026-07-27,ZW,Zimbabwe,24
2026-07-27,HT,Haiti,23
2026-07-27,MZ,Mozambique,23
2026-07-27,SR,Suriname,20
2026-07-27,XX,Undefined,18
2026-07-27,BZ,Belize,18
2026-07-27,TZ,Tanzania,18
2026-07-27,ML,Mali,18
2026-07-27,YE,Yemen,18
2026-07-27,GI,Gibraltar,17
2026-07-27,CM,Cameroon,15
2026-07-27,PF,French Polynesia,15
2026-07-27,GP,Guadeloupe,14
2026-07-27,BB,Barbados,14
2026-07-27,UG,Uganda,13
2026-07-27,TG,Togo,12
2026-07-27,BJ,Benin,12
2026-07-27,MW,Malawi,11
2026-07-27,GY,Guyana,10
2026-07-27,PG,Papua New Guinea,10
2026-07-27,CV,Cape Verde,10
2026-07-27,KG,Kyrgyzstan,10
2026-07-27,AO,Angola,10
2026-07-27,AW,Aruba,10
2026-07-27,CW,Undefined,9
2026-07-27,BF,Burkina Faso,9
2026-07-27,ZM,Zambia,8
2026-07-27,LS,Lesotho,7
2026-07-27,JE,Jersey,7
2026-07-27,TJ,Tajikistan,7
2026-07-27,GM,Gambia,6
2026-07-27,BM,Bermuda,5
2026-07-27,TO,Tonga,5
2026-07-27,MF,Saint Martin,5
2026-07-27,DJ,Djibouti,5
2026-07-27,IM,Isle Of Man,4
2026-07-27,TD,Chad,4
2026-07-27,NC,New Caledonia,4
2026-07-27,AD,Andorra,4
2026-07-27,BT,Bhutan,4
2026-07-27,LI,Liechtenstein,3
2026-07-27,AF,Afghanistan,3
2026-07-27,NE,Niger,3
2026-07-27,BS,Bahamas,3
2026-07-27,LC,Saint Lucia,3
2026-07-27,SB,Solomon Islands,2
2026-07-27,KY,Cayman Islands,1
2026-07-27,SC,Seychelles,1
2026-07-27,WS,Samoa,1
2026-07-27,MR,Mauritania,1
2026-07-27,AS,American Samoa,1
2026-07-27,VU,Vanuatu,1
2026-07-27,SS,South Sudan,1
2026-07-27,MC,Monaco,1
2026-08-03,US,United States,6112023
2026-08-03,IN,India,263398
2026-08-03,SG,Singapore,92609
2026-08-03,ID,Indonesia,31043
2026-08-03,GB,United Kingdom,25862
2026-08-03,GR,Greece,14938
2026-08-03,FR,France,13038
2026-08-03,RS,Serbia,12848
2026-08-03,DE,Germany,12665
2026-08-03,PH,Philippines,11633
2026-08-03,CA,Canada,8277
2026-08-03,ES,Spain,7886
2026-08-03,BG,Bulgaria,7562
2026-08-03,AU,Australia,6542
2026-08-03,BA,Bosnia And Herzegovina,6389
2026-08-03,SA,Saudi Arabia,6065
2026-08-03,HR,Croatia,5700
2026-08-03,HU,Hungary,5626
2026-08-03,MY,Malaysia,5482
2026-08-03,SI,Slovenia,3978
2026-08-03,MX,Mexico,3648
2026-08-03,PL,Poland,3228
2026-08-03,IT,Italy,3116
2026-08-03,NL,Netherlands,3098
2026-08-03,BD,Bangladesh,3058
2026-08-03,IE,Ireland,3049
2026-08-03,CH,Switzerland,3000
2026-08-03,BR,Brazil,2867
2026-08-03,ZA,South Africa,2719
2026-08-03,SE,Sweden,2587
2026-08-03,EG,Egypt,2578
2026-08-03,DZ,Algeria,2485
2026-08-03,MV,Maldives,2462
2026-08-03,BE,Belgium,2427
2026-08-03,UA,Ukraine,2343
2026-08-03,TR,Turkey,2303
2026-08-03,ME,Montenegro,2285
2026-08-03,GE,Georgia,2246
2026-08-03,AE,United Arab Emirates,2184
2026-08-03,CY,Cyprus,2116
2026-08-03,MK,Macedonia,2114
2026-08-03,SK,Slovakia,1976
2026-08-03,RO,Romania,1918
2026-08-03,HK,Hong Kong,1912
2026-08-03,FJ,Fiji,1837
2026-08-03,LT,Lithuania,1810
2026-08-03,CZ,Czech Republic,1692
2026-08-03,IQ,Iraq,1653
2026-08-03,PE,Peru,1563
2026-08-03,AR,Argentina,1337
2026-08-03,CL,Chile,1337
2026-08-03,CO,Colombia,1316
2026-08-03,NO,Norway,1290
2026-08-03,AT,Austria,1164
2026-08-03,BY,Belarus,1154
2026-08-03,MA,Morocco,1136
2026-08-03,FI,Finland,1121
2026-08-03,XK,Kosovo,1105
2026-08-03,VN,Viet Nam,1064
2026-08-03,PT,Portugal,1023
2026-08-03,DK,Denmark,1005
2026-08-03,JP,Japan,983
2026-08-03,NZ,New Zealand,973
2026-08-03,NP,Nepal,876
2026-08-03,UZ,Uzbekistan,872
2026-08-03,NG,Nigeria,861
2026-08-03,KR,Korea,848
2026-08-03,JO,Jordan,827
2026-08-03,PK,Pakistan,792
2026-08-03,PA,Panama,789
2026-08-03,QA,Qatar,739
2026-08-03,TH,Thailand,660
2026-08-03,EC,Ecuador,617
2026-08-03,GT,Guatemala,581
2026-08-03,TN,Tunisia,577
2026-08-03,MD,Moldova,574
2026-08-03,MM,Myanmar,567
2026-08-03,VE,Venezuela,559
2026-08-03,AM,Armenia,557
2026-08-03,TW,Taiwan,512
2026-08-03,CR,Costa Rica,487
2026-08-03,CN,China,468
2026-08-03,KW,Kuwait,404
2026-08-03,LK,Sri Lanka,401
2026-08-03,MN,Mongolia,364
2026-08-03,AZ,Azerbaijan,360
2026-08-03,KZ,Kazakhstan,354
2026-08-03,BO,Bolivia,311
2026-08-03,TT,Trinidad And Tobago,311
2026-08-03,OM,Oman,292
2026-08-03,UY,Uruguay,291
2026-08-03,PY,Paraguay,281
2026-08-03,SV,El Salvador,272
2026-08-03,RU,Russia,267
2026-08-03,LB,Lebanon,248
2026-08-03,EE,Estonia,244
2026-08-03,MU,Mauritius,233
2026-08-03,BH,Bahrain,221
2026-08-03,ET,Ethiopia,217
2026-08-03,IS,Iceland,211
2026-08-03,IL,Israel,207
2026-08-03,KE,Kenya,186
2026-08-03,LY,Libyan Arab Jamahiriya,173
2026-08-03,HN,Honduras,171
2026-08-03,AL,Albania,170
2026-08-03,DO,Dominican Republic,166
2026-08-03,PS,"Palestinian Territory, Occupied",162
2026-08-03,CI,Cote D'Ivoire,151
2026-08-03,KH,Cambodia,150
2026-08-03,NI,Nicaragua,146
2026-08-03,SN,Senegal,146
2026-08-03,IR,"Iran, Islamic Republic Of",132
2026-08-03,GH,Ghana,126
2026-08-03,SY,Syrian Arab Republic,122
2026-08-03,BN,Brunei Darussalam,116
2026-08-03,PR,Puerto Rico,109
2026-08-03,MO,Macao,107
2026-08-03,MT,Malta,105
2026-08-03,JM,Jamaica,100
2026-08-03,BZ,Belize,97
2026-08-03,LU,Luxembourg,86
2026-08-03,SD,Sudan,84
2026-08-03,LV,Latvia,71
2026-08-03,CM,Cameroon,62
2026-08-03,RE,Reunion,55
2026-08-03,MQ,Martinique,55
2026-08-03,TL,Timor-Leste,53
2026-08-03,CG,Congo,48
2026-08-03,HT,Haiti,46
2026-08-03,MG,Madagascar,44
2026-08-03,CD,"Congo, Democratic Republic",43
2026-08-03,BB,Barbados,43
2026-08-03,RW,Rwanda,34
2026-08-03,BW,Botswana,29
2026-08-03,SO,Somalia,28
2026-08-03,GN,Guinea,27
2026-08-03,ZW,Zimbabwe,26
2026-08-03,YE,Yemen,26
2026-08-03,NA,Namibia,25
2026-08-03,MZ,Mozambique,23
2026-08-03,SR,Suriname,22
2026-08-03,ML,Mali,20
2026-08-03,TZ,Tanzania,19
2026-08-03,ZM,Zambia,19
2026-08-03,XX,Undefined,18
2026-08-03,BF,Burkina Faso,18
2026-08-03,GI,Gibraltar,17
2026-08-03,PF,French Polynesia,15
2026-08-03,CV,Cape Verde,15
2026-08-03,GY,Guyana,15
2026-08-03,GP,Guadeloupe,14
2026-08-03,TG,Togo,14
2026-08-03,UG,Uganda,14
2026-08-03,MW,Malawi,13
2026-08-03,CW,Undefined,13
2026-08-03,BJ,Benin,12
2026-08-03,KG,Kyrgyzstan,12
2026-08-03,PG,Papua New Guinea,12
2026-08-03,AO,Angola,11
2026-08-03,AW,Aruba,11
2026-08-03,TJ,Tajikistan,9
2026-08-03,JE,Jersey,9
2026-08-03,LS,Lesotho,9
2026-08-03,SC,Seychelles,8
2026-08-03,KM,Comoros,7
2026-08-03,GM,Gambia,6
2026-08-03,BS,Bahamas,6
2026-08-03,NE,Niger,6
2026-08-03,TO,Tonga,5
2026-08-03,DJ,Djibouti,5
2026-08-03,CF,Central African Republic,5
2026-08-03,MF,Saint Martin,5
2026-08-03,BM,Bermuda,5
2026-08-03,IM,Isle Of Man,4
2026-08-03,CU,Cuba,4
2026-08-03,BT,Bhutan,4
2026-08-03,TD,Chad,4
2026-08-03,GW,Guinea-Bissau,4
2026-08-03,AD,Andorra,4
2026-08-03,NC,New Caledonia,4
2026-08-03,LC,Saint Lucia,3
2026-08-03,AF,Afghanistan,3
2026-08-03,GA,Gabon,3
2026-08-03,LI,Liechtenstein,3
2026-08-03,SL,Sierra Leone,2
2026-08-03,SB,Solomon Islands,2
2026-08-03,MC,Monaco,1
2026-08-03,GU,Guam,1
2026-08-03,SS,South Sudan,1
2026-08-03,WS,Samoa,1
2026-08-03,LA,Lao People's Democratic Republic,1
2026-08-03,MR,Mauritania,1
2026-08-03,AS,American Samoa,1
2026-08-03,KY,Cayman Islands,1
2026-08-03,VU,Vanuatu,1
2026-08-03,GG,Guernsey,1
2026-08-10,US,United States,7111207
2026-08-10,IN,India,311216
2026-08-10,SG,Singapore,111131
2026-08-10,ID,Indonesia,35489
2026-08-10,GB,United Kingdom,34369
2026-08-10,GR,Greece,16945
2026-08-10,DE,Germany,15385
2026-08-10,RS,Serbia,15160
2026-08-10,FR,France,14709
2026-08-10,PH,Philippines,14422
2026-08-10,CA,Canada,9878
2026-08-10,ES,Spain,9428
2026-08-10,BG,Bulgaria,8533
2026-08-10,BA,Bosnia And Herzegovina,7472
2026-08-10,AU,Australia,7471
2026-08-10,SA,Saudi Arabia,7386
2026-08-10,HR,Croatia,6939
2026-08-10,HU,Hungary,6763
2026-08-10,MY,Malaysia,6670
2026-08-10,MX,Mexico,5277
2026-08-10,SI,Slovenia,4596
2026-08-10,PL,Poland,3843
2026-08-10,NL,Netherlands,3768
2026-08-10,IE,Ireland,3617
2026-08-10,IT,Italy,3579
2026-08-10,BR,Brazil,3562
2026-08-10,UA,Ukraine,3407
2026-08-10,BD,Bangladesh,3398
2026-08-10,ZA,South Africa,3350
2026-08-10,CH,Switzerland,3222
2026-08-10,EG,Egypt,3176
2026-08-10,DZ,Algeria,3148
2026-08-10,TR,Turkey,2925
2026-08-10,MK,Macedonia,2876
2026-08-10,SE,Sweden,2827
2026-08-10,BE,Belgium,2736
2026-08-10,ME,Montenegro,2664
2026-08-10,MV,Maldives,2574
2026-08-10,AE,United Arab Emirates,2523
2026-08-10,SK,Slovakia,2514
2026-08-10,CY,Cyprus,2459
2026-08-10,HK,Hong Kong,2441
2026-08-10,GE,Georgia,2326
2026-08-10,RO,Romania,2260
2026-08-10,CZ,Czech Republic,2173
2026-08-10,PE,Peru,2128
2026-08-10,LT,Lithuania,2084
2026-08-10,IQ,Iraq,2016
2026-08-10,FJ,Fiji,1945
2026-08-10,CO,Colombia,1782
2026-08-10,AR,Argentina,1751
2026-08-10,VN,Viet Nam,1687
2026-08-10,BY,Belarus,1575
2026-08-10,CL,Chile,1531
2026-08-10,FI,Finland,1446
2026-08-10,NO,Norway,1428
2026-08-10,MA,Morocco,1376
2026-08-10,AT,Austria,1330
2026-08-10,NZ,New Zealand,1281
2026-08-10,XK,Kosovo,1279
2026-08-10,TH,Thailand,1239
2026-08-10,DK,Denmark,1208
2026-08-10,JP,Japan,1176
2026-08-10,PT,Portugal,1144
2026-08-10,NG,Nigeria,1102
2026-08-10,UZ,Uzbekistan,1081
2026-08-10,KR,Korea,1047
2026-08-10,CN,China,1007
2026-08-10,NP,Nepal,976
2026-08-10,JO,Jordan,969
2026-08-10,PA,Panama,956
2026-08-10,QA,Qatar,928
2026-08-10,PK,Pakistan,845
2026-08-10,EC,Ecuador,836
2026-08-10,GT,Guatemala,774
2026-08-10,MD,Moldova,755
2026-08-10,VE,Venezuela,744
2026-08-10,TN,Tunisia,706
2026-08-10,CR,Costa Rica,653
2026-08-10,TW,Taiwan,642
2026-08-10,AM,Armenia,628
2026-08-10,MM,Myanmar,612
2026-08-10,KW,Kuwait,483
2026-08-10,RU,Russia,464
2026-08-10,LK,Sri Lanka,451
2026-08-10,AZ,Azerbaijan,441
2026-08-10,MN,Mongolia,434
2026-08-10,BO,Bolivia,425
2026-08-10,KZ,Kazakhstan,423
2026-08-10,OM,Oman,393
2026-08-10,UY,Uruguay,374
2026-08-10,PY,Paraguay,368
2026-08-10,IL,Israel,360
2026-08-10,SV,El Salvador,353
2026-08-10,TT,Trinidad And Tobago,335
2026-08-10,LB,Lebanon,330
2026-08-10,EE,Estonia,303
2026-08-10,ET,Ethiopia,264
2026-08-10,BN,Brunei Darussalam,258
2026-08-10,BH,Bahrain,251
2026-08-10,MU,Mauritius,250
2026-08-10,KE,Kenya,242
2026-08-10,HN,Honduras,242
2026-08-10,IS,Iceland,224
2026-08-10,DO,Dominican Republic,217
2026-08-10,PF,French Polynesia,215
2026-08-10,AL,Albania,212
2026-08-10,IR,"Iran, Islamic Republic Of",199
2026-08-10,PS,"Palestinian Territory, Occupied",198
2026-08-10,LY,Libyan Arab Jamahiriya,198
2026-08-10,GH,Ghana,195
2026-08-10,NI,Nicaragua,195
2026-08-10,SN,Senegal,186
2026-08-10,CI,Cote D'Ivoire,178
2026-08-10,LU,Luxembourg,176
2026-08-10,KH,Cambodia,168
2026-08-10,SY,Syrian Arab Republic,155
2026-08-10,JM,Jamaica,134
2026-08-10,MO,Macao,119
2026-08-10,MT,Malta,118
2026-08-10,PR,Puerto Rico,117
2026-08-10,SD,Sudan,116
2026-08-10,BZ,Belize,109
2026-08-10,LV,Latvia,84
2026-08-10,XX,Undefined,81
2026-08-10,RE,Reunion,74
2026-08-10,CM,Cameroon,68
2026-08-10,TL,Timor-Leste,61
2026-08-10,CG,Congo,59
2026-08-10,MQ,Martinique,58
2026-08-10,CD,"Congo, Democratic Republic",52
2026-08-10,MG,Madagascar,51
2026-08-10,HT,Haiti,46
2026-08-10,BB,Barbados,43
2026-08-10,YE,Yemen,39
2026-08-10,RW,Rwanda,38
2026-08-10,TZ,Tanzania,36
2026-08-10,NE,Niger,34
2026-08-10,BJ,Benin,34
2026-08-10,SR,Suriname,33
2026-08-10,SO,Somalia,32
2026-08-10,ZM,Zambia,31
2026-08-10,NA,Namibia,30
2026-08-10,MZ,Mozambique,29
2026-08-10,BW,Botswana,29
2026-08-10,GN,Guinea,27
2026-08-10,ZW,Zimbabwe,26
2026-08-10,UG,Uganda,24
2026-08-10,TG,Togo,21
2026-08-10,ML,Mali,20
2026-08-10,BF,Burkina Faso,19
2026-08-10,GI,Gibraltar,19
2026-08-10,CV,Cape Verde,16
2026-08-10,GY,Guyana,15
2026-08-10,TJ,Tajikistan,15
2026-08-10,AW,Aruba,15
2026-08-10,PG,Papua New Guinea,15
2026-08-10,LA,Lao People's Democratic Republic,14
2026-08-10,CW,Undefined,14
2026-08-10,AO,Angola,14
2026-08-10,BS,Bahamas,14
2026-08-10,MW,Malawi,14
2026-08-10,GP,Guadeloupe,14
2026-08-10,GU,Guam,12
2026-08-10,KG,Kyrgyzstan,12
2026-08-10,IM,Isle Of Man,11
2026-08-10,JE,Jersey,9
2026-08-10,SL,Sierra Leone,9
2026-08-10,LS,Lesotho,9
2026-08-10,AD,Andorra,8
2026-08-10,SC,Seychelles,8
2026-08-10,KM,Comoros,7
2026-08-10,CU,Cuba,7
2026-08-10,GM,Gambia,6
2026-08-10,GA,Gabon,6
2026-08-10,NC,New Caledonia,6
2026-08-10,DJ,Djibouti,5
2026-08-10,BM,Bermuda,5
2026-08-10,TO,Tonga,5
2026-08-10,CF,Central African Republic,5
2026-08-10,MF,Saint Martin,5
2026-08-10,TD,Chad,4
2026-08-10,GW,Guinea-Bissau,4
2026-08-10,BT,Bhutan,4
2026-08-10,AF,Afghanistan,3
2026-08-10,LI,Liechtenstein,3
2026-08-10,LC,Saint Lucia,3
2026-08-10,MR,Mauritania,2
2026-08-10,SB,Solomon Islands,2
2026-08-10,KY,Cayman Islands,1
2026-08-10,KN,Saint Kitts And Nevis,1
2026-08-10,SS,South Sudan,1
2026-08-10,WS,Samoa,1
2026-08-10,MC,Monaco,1
2026-08-10,AS,American Samoa,1
2026-08-10,VU,Vanuatu,1
2026-08-10,GQ,Equatorial Guinea,1
2026-08-10,GG,Guernsey,1
