"title","type","impressions","views","approved","slug"
"Sui Ronaldo","gif","368018","124","True","sui-ronaldo"
"Bad Call Ref Bad Ref","gif","280152","11","True","bad-call-ref-bad-ref"
"Onefootball Onefootball Heads","gif","216235","30","True","onefootball-onefootball-heads-1"
"Celebration Happy Dance","gif","209402","38","True","celebration-happy-dance"
"Heads Onefootball Heads","gif","196303","10","True","heads-onefootball-heads"
"Heads Onefootball Heads","gif","195297","15","True","heads-onefootball-heads-1"
"Heads Onefootball Heads","gif","194371","7","True","heads-onefootball-heads-2"
"Heads Onefootball Heads","gif","190489","10","True","heads-onefootball-heads-8"
"Heads Onefootball Heads","gif","186055","6","True","heads-onefootball-heads-9"
"Heads Onefootball Heads","gif","185297","4","True","heads-onefootball-heads-18"
"Heads Onefootball Heads","gif","181397","10","True","heads-onefootball-heads-5"
"Heads Onefootball Heads","gif","180104","4","True","heads-onefootball-heads-20"
"Heads Onefootball Heads","gif","179400","15","True","heads-onefootball-heads-6"
"Heads Onefootball Heads","gif","172402","13","True","heads-onefootball-heads-3"
"Heads Onefootball Heads","gif","172105","12","True","heads-onefootball-heads-7"
"Heads Onefootball Heads","gif","170751","10","True","heads-onefootball-heads-4"
"Heads Onefootball Heads","gif","169432","4","True","heads-onefootball-heads-14"
"Heads Onefootball Heads","gif","168445","5","True","heads-onefootball-heads-13"
"Heads Onefootball Heads","gif","167704","10","True","heads-onefootball-heads-11"
"Heads Onefootball Heads","gif","164193","4","True","heads-onefootball-heads-12"
"Heads Onefootball Heads","gif","163255","6","True","heads-onefootball-heads-10"
"Heads Onefootball Heads","gif","162462","5","True","heads-onefootball-heads-16"
"Heads Onefootball Heads","gif","160689","5","True","heads-onefootball-heads-15"
"Heads Onefootball Heads","gif","159717","8","True","heads-onefootball-heads-17"
"OFC Head - I JUST HIT THE JACKPOT!","gif","155911","0","True","ofc-head-i-just-hit-the-jackpot"
"Heads Onefootball Heads","gif","154415","6","True","heads-onefootball-heads-19"
"Michael Olise Celebration","gif","148914","79","True","michael-olise-celebration"
"Rodri - RODRI KNOWS.","gif","146926","196","True","rodri-rodri-knows"
"Michael Olise - ICE COLD","gif","138241","69","True","michael-olise-ice-cold"
"Ofc Ofc Heads","gif","120334","32","True","ofc-ofc-heads"
"It's coming home to Klipy","gif","113436","11","True","its-coming-home-to-klipy"
"Official Klipy Partner","gif","111880","28","True","official-klipy-partner"
"Ofc Onefootball Heads","gif","107774","6","True","ofc-onefootball-heads"
"Onefootball Onefootball Heads","gif","107558","8","True","onefootball-onefootball-heads-8"
"Ofc Onefootball Heads","gif","105600","5","True","ofc-onefootball-heads-8"
"Ofc Onefootball Heads","gif","104841","5","True","ofc-onefootball-heads-3"
"OFC Head - TGE Telescope","gif","102876","25","True","ofc-head-tge-telescope"
"Rodri Celebration","gif","100433","98","True","rodri-celebration"
"Ofc Onefootball Heads","gif","96510","10","True","ofc-onefootball-heads-1"
"USA - USA! USA!","gif","96424","41","True","usa-usa-usa-14"
"England - IT'S COMING HOME!","gif","92336","4","True","england-its-coming-home-6"
"Ofc Onefootball Heads","gif","89486","16","True","ofc-onefootball-heads-6"
"Ofc Onefootball","gif","69688","3","True","ofc-onefootball-28"
"Ofc Onefootball","gif","68463","4","True","ofc-onefootball-5"
"Cabo Verde Fan Celebration","gif","66763","34","True","cabo-verde-fan-celebration"
"Türkiye - ÇAY TIME!","gif","66715","43","True","turkiye-cay-time"
"Ofc Onefootball Heads","gif","66140","8","True","ofc-onefootball-heads-4"
"OneFootball Heads - POWERED BY KLIPY","gif","64999","7","True","onefootball-heads-powered-by-klipy"
"Ofc Onefootball Heads","gif","64604","5","True","ofc-onefootball-heads-2"
"Onefootball Onefootball Heads","gif","62651","504","True","onefootball-onefootball-heads-7"
"Norway - LET'S GO NORWAY!","gif","61942","5","True","norway-lets-go-norway"
"Vini Jr - BAILA VINI!","gif","57806","103","True","vini-jr-baila-vini"
"OneFootball Heads - Keepy Uppies","gif","57074","19","True","onefootball-heads-keepy-uppies"
"Ofc Onefootball Heads","gif","56297","3","True","ofc-onefootball-heads-5"
"Scotland - LET'S GO SCOTLAND!","gif","55272","11","True","scotland-lets-go-scotland"
"Virgil van Dijk Celebration","gif","54357","21","True","virgil-van-dijk-celebration"
"Ofc Onefootball","gif","53897","86","True","ofc-onefootball-1"
"Ofc Onefootball","gif","53326","7","True","ofc-onefootball-27"
"Switzerland - LET'S GO SWITZERLAND!","gif","52357","6","True","switzerland-lets-go-switzerland"
"Spain - LET'S GO SPAIN!","gif","52070","34","True","spain-lets-go-spain"
"England - COME ON ENGLAND!","gif","52013","6","True","england-come-on-england-3"
"Ofc Onefootball","gif","51941","5","True","ofc-onefootball-30"
"Ofc Onefootball Heads","gif","51201","7","True","ofc-onefootball-heads-7"
"Onefootball Heads Soccer","gif","50512","0","True","onefootball-heads-soccer-35"
"Calma Calm Down","gif","50410","110","True","calma-calm-down-2"
"Ofc Onefootball","gif","47895","8","True","ofc-onefootball-33"
"Ofc Onefootball","gif","45988","4","True","ofc-onefootball-35"
"Ofc Onefootball","gif","45532","6","True","ofc-onefootball"
"Onefootball Onefootball Heads","gif","45092","6","True","onefootball-onefootball-heads-6"
"Ofc Onefootball","gif","44804","5","True","ofc-onefootball-29"
"Ofc Onefootball Heads","gif","44758","10","True","ofc-onefootball-heads-9"
"Rodri - CAMPEONES DEL MUNDO","gif","44637","207","True","rodri-campeones-del-mundo"
"OFC Head - OFC SUPERFAN","gif","44631","25","True","ofc-head-ofc-superfan"
"Désiré Doué - GOLDEN BOY","gif","44372","16","True","desire-doue-golden-boy"
"Iraq - YALLA IRAQ!","gif","44239","6","True","iraq-yalla-iraq"
"Désiré Doué Celebration","gif","43510","15","True","desire-doue-celebration-1"
"OneFootball Heads - NOW ON KLIPY","gif","43469","7","True","onefootball-heads-now-on-klipy"
"Virgil van Dijk - THE WALL.","gif","43093","25","True","virgil-van-dijk-the-wall"
"Panama - LET'S GO PANAMA!","gif","40974","14","True","panama-lets-go-panama"
"This Ain'T It Onefootball Heads","gif","38274","3","True","this-aint-it-onefootball-heads"
"Onefootball Heads Soccer","gif","37750","0","True","onefootball-heads-soccer-15"
"Ofc Onefootball","gif","37397","2","True","ofc-onefootball-26"
"Ofc Onefootball","gif","37100","4","True","ofc-onefootball-25"
"Snooze Snoozefest","gif","36668","9","True","snooze-snoozefest"
"Ofc Onefootball","gif","36557","2","True","ofc-onefootball-39"
"Onefootball Heads Soccer","gif","36423","81","True","onefootball-heads-soccer"
"Raphinha - RAPHINHA!","gif","36288","39","True","raphinha-raphinha"
"Ofc Onefootball","gif","35861","2","True","ofc-onefootball-36"
"OneFootball Heads - OFFICIAL KLIPY PARTNER","gif","35088","3","True","onefootball-heads-official-klipy-partner"
"OneFootball Heads - ADD ME TO YOUR KEYBOARD","gif","35079","1","True","onefootball-heads-add-me-to-your-keyboard"
"Ofc Onefootball","gif","34793","2","True","ofc-onefootball-23"
"Belgium - LET'S GO BELGIUM!","gif","34695","28","True","belgium-lets-go-belgium"
"Ofc Onefootball","gif","34434","3","True","ofc-onefootball-34"
"Onefootball Heads Soccer","gif","34218","4","True","onefootball-heads-soccer-16"
"South Africa - LET'S GO SOUTH AFRICA!","gif","34003","16","True","south-africa-lets-go-south-africa"
"Ofc Onefootball","gif","33191","5","True","ofc-onefootball-24"
"Onefootball Onefootball Heads","gif","32744","36","True","onefootball-onefootball-heads"
"Türkiye - HAYDİ TÜRKİYE!","gif","32174","18","True","turkiye-haydi-turkiye"
"Onefootball Heads Soccer","gif","31888","53","True","onefootball-heads-soccer-5"
"Ofc Onefootball","gif","31790","2","True","ofc-onefootball-40"
"Onefootball Heads Soccer","gif","31752","42","True","onefootball-heads-soccer-3"
"Ofc Onefootball","gif","31168","1","True","ofc-onefootball-32"
"Ofc Onefootball","gif","31058","3","True","ofc-onefootball-44"
"Jordan - LET'S GO JORDAN!","gif","30872","40","True","jordan-lets-go-jordan"
"Ofc Onefootball","gif","30782","3","True","ofc-onefootball-41"
"Ronaldo Goat","gif","30178","13","True","ronaldo-goat-2"
"Onefootball Heads Soccer","gif","29988","63","True","onefootball-heads-soccer-2"
"Achraf Hakimi Celebration","gif","29952","47","True","achraf-hakimi-celebration"
"Sweden - Isak","gif","29364","27","True","sweden-isak"
"Anthony Gordon - HOWAY!","gif","29053","22","True","anthony-gordon-howay"
"Ofc Onefootball","gif","28860","1","True","ofc-onefootball-31"
"Bosnia Flag","gif","28669","30","True","bosnia-flag"
"Onefootball Heads Soccer","gif","28669","7","True","onefootball-heads-soccer-4"
"Ofc Onefootball","gif","28638","2","True","ofc-onefootball-58"
"Bosnia - ZMAJEVI!","gif","28436","8","True","bosnia-zmajevi"
"Jérémy Doku - DOKU DANCE!","gif","27881","6","True","jeremy-doku-doku-dance"
"Achraf Hakimi - TOO FAST!","gif","27613","62","True","achraf-hakimi-too-fast"
"Ofc Onefootball","gif","27595","4","True","ofc-onefootball-37"
"Onefootball Heads Soccer","gif","27390","3","True","onefootball-heads-soccer-28"
"Panama Fan Celebration","gif","27206","9","True","panama-fan-celebration"
"Netherlands - LET'S GO NETHERLANDS!","gif","26963","3","True","netherlands-lets-go-netherlands"
"Anthony Gordon Celebration","gif","26774","38","True","anthony-gordon-celebration"
"Ofc Onefootball","gif","26722","4","True","ofc-onefootball-55"
"Luka Modric Celebration","gif","26604","18","True","luka-modric-celebration"
"Ofc Onefootball","gif","26540","3","True","ofc-onefootball-59"
"Onefootball Onefootball Heads","gif","25679","32","True","onefootball-onefootball-heads-11"
"Ousmane Dembélé - DEMBOUZ!","gif","24712","32","True","ousmane-dembele-dembouz"
"Ousmane Dembélé Celebration","gif","24597","15","True","ousmane-dembele-celebration"
"USA - IT'S CALLED SOCCER!","gif","24573","18","True","usa-its-called-soccer"
"Ofc Onefootball","gif","24316","1","True","ofc-onefootball-54"
"Türkiye - BİZİM ÇOCUKLAR!","gif","24141","6","True","turkiye-bizim-cocuklar"
"OFC Head - Hit the Green Button","gif","24076","20","True","ofc-head-hit-the-green-button"
"Ofc Onefootball","gif","24032","1","True","ofc-onefootball-49"
"Luka Modric - THE MAESTRO","gif","23937","16","True","luka-modric-the-maestro"
"Tunisia - LET'S GO TUNISIA!","gif","23775","63","True","tunisia-lets-go-tunisia"
"Ofc Onefootball","gif","23588","2","True","ofc-onefootball-42"
"Bosnia - HAJDE BOSNO!","gif","23420","27","True","bosnia-hajde-bosno"
"Spain - VAMOS ESPAÑA!","gif","23227","191","True","spain-vamos-espana"
"Onefootball Heads Soccer","gif","22827","51","True","onefootball-heads-soccer-1"
"Julián Alvarez - LA ARAÑA!","gif","22381","77","True","julian-alvarez-la-arana"
"Kobbie Mainoo - COMPOSED.","gif","21908","11","True","kobbie-mainoo-composed"
"Lamine Yamal Celebration","gif","21886","62","True","lamine-yamal-celebration-1"
"Hug Surprise Hug","gif","21510","8","True","hug-surprise-hug"
"South Africa Fan Celebration","gif","21391","21","True","south-africa-fan-celebration"
"DR Congo - ALLEZ LES LÉOPARDS!","gif","21374","54","True","dr-congo-allez-les-leopards"
"South Africa - WAKA WAKA AY AY","gif","21144","9","True","south-africa-waka-waka-ay-ay"
"Senegal - Sarr","gif","21104","16","True","senegal-sarr"
"Lamine Yamal - EL NIÑO","gif","21063","51","True","lamine-yamal-el-nino"
"Jérémy Doku Celebration","gif","21030","13","True","jeremy-doku-celebration"
"Colombia - LET'S GO COLOMBIA!","gif","20967","48","True","colombia-lets-go-colombia"
"Ofc Onefootball","gif","20890","4","True","ofc-onefootball-38"
"Julián Alvarez Celebration","gif","20842","78","True","julian-alvarez-celebration"
"Alisson Becker - WHAT A SAVE!","gif","20803","7","True","alisson-becker-what-a-save"
"Japan - LET'S GO JAPAN!","gif","20447","2","True","japan-lets-go-japan"
"OneFootball Heads - يلا يا أبطال","gif","20318","52","True","onefootball-heads-yla-ya-abtal"
"Joshua Kimmich Celebration","gif","20186","15","True","joshua-kimmich-celebration"
"OneFootball Heads - يلا يا أبطال","gif","20145","56","True","onefootball-heads-yla-ya-abtal-1"
"Tunisia Fan Celebration","gif","20058","42","True","tunisia-fan-celebration"
"OFC Head - Hit the Red Button","gif","19568","8","True","ofc-head-hit-the-red-button"
"Sweden - FIKA AT FULL-TIME!","gif","19329","4","True","sweden-fika-at-full-time"
"Algeria - LET'S GO ALGERIA!","gif","19097","33","True","algeria-lets-go-algeria"
"Paraguay - LET'S GO PARAGUAY!","gif","19091","17","True","paraguay-lets-go-paraguay"
"Kobbie Mainoo Celebration","gif","18944","12","True","kobbie-mainoo-celebration-1"
"Joshua Kimmich - THE GENERAL","gif","18351","8","True","joshua-kimmich-the-general"
"Ofc Onefootball","gif","18016","1","True","ofc-onefootball-45"
"Jude Bellingham - CMON ENGLAND!","gif","17898","13","True","jude-bellingham-cmon-england"
"OneFootball Heads - Watergun","gif","17809","4","True","onefootball-heads-watergun"
"Iraq - أسود الرافدين","gif","17630","8","True","iraq-asod-alrafdyn"
"Erling Haaland - HAALAND!","gif","17567","51","True","erling-haaland-haaland-11"
"Türkiye - Yildiz","gif","17110","68","True","turkiye-yildiz"
"South Korea - LET'S GO SOUTH KOREA!","gif","16892","25","True","south-korea-lets-go-south-korea"
"Austria - LET'S GO AUSTRIA!","gif","16809","14","True","austria-lets-go-austria"
"Erling Haaland - HE'S BACK","gif","16624","7","True","erling-haaland-hes-back"
"Ofc Onefootball","gif","16316","2","True","ofc-onefootball-65"
"Qatar - LET'S GO QATAR!","gif","16174","30","True","qatar-lets-go-qatar"
"OFC Head - HAT-TRICK","gif","16173","19","True","ofc-head-hat-trick"
"Ofc Onefootball","gif","16133","2","True","ofc-onefootball-61"
"Federico Valverde - EL PAJARITO!","gif","16093","76","True","federico-valverde-el-pajarito"
"Ofc Onefootball","gif","16078","2","True","ofc-onefootball-46"
"Czechia - PIVO AT HALF-TIME!","gif","15985","26","True","czechia-pivo-at-half-time"
"Sweden - HEJA SVERIGE!","gif","15972","6","True","sweden-heja-sverige"
"Federico Valverde Celebration","gif","15832","78","True","federico-valverde-celebration"
"Onefootball Onefootball Heads","gif","15754","0","True","onefootball-onefootball-heads-47"
"Sui Ronaldo Celebration","gif","15577","45","True","sui-ronaldo-celebration"
"Arda Güler Celebration","gif","15210","75","True","arda-guler-celebration"
"Arda Güler - THE WIZARD","gif","14918","63","True","arda-guler-the-wizard"
"Jude Bellingham Celebration","gif","14915","19","True","jude-bellingham-celebration-1"
"Mo Salah - EGYPTIAN KING","gif","14842","26","True","mo-salah-egyptian-king"
"Kylian Mbappe Celebration","gif","14657","7","True","kylian-mbappe-celebration-3"
"DR Congo - Let's Go!","gif","14566","5","True","dr-congo-lets-go"
"Kylian Mbappe - MBAPPÉÉÉ!","gif","14551","5","True","kylian-mbappe-mbappeee"
"OneFootball Heads - FEB 14th","gif","14348","10","True","onefootball-heads-feb-14th"
"Bosnia - ĆEVAPI TIME!","gif","14323","29","True","bosnia-cevapi-time"
"Spain Fan Celebration","gif","14206","10","True","spain-fan-celebration"
"Czechia - ČESKO! ČESKO!","gif","14090","4","True","czechia-cesko-cesko"
"Sweden - Gyokeres","gif","13936","21","True","sweden-gyokeres"
"Czechia - POJĎ ČESKO!","gif","13920","6","True","czechia-pojd-cesko"
"Uruguay - LET'S GO URUGUAY!","gif","13912","31","True","uruguay-lets-go-uruguay"
"Harry Kane - HURRICANE!","gif","13816","9","True","harry-kane-hurricane"
"OneFootball Heads - PARK THE BUS","gif","13755","11","True","onefootball-heads-park-the-bus-1"
"Mo Salah Celebration","gif","13711","73","True","mo-salah-celebration"
"Phil Foden - CMON ENGLAND","gif","13698","12","True","phil-foden-cmon-england"
"Granit Xhaka - THE LEADER","gif","13582","20","True","granit-xhaka-the-leader"
"DR Congo - RUMBA TIME!","gif","13521","23","True","dr-congo-rumba-time"
"OFC Head - BRACE","gif","13332","11","True","ofc-head-brace"
"Declan Rice - COME ON!","gif","13321","1","True","declan-rice-come-on"
"Saudi Arabia - LET'S GO SAUDI ARABIA!","gif","13276","4","True","saudi-arabia-lets-go-saudi-arabia"
"Bosnia - Let's Go!","gif","13213","31","True","bosnia-lets-go"
"Luis Diaz Celebration","gif","12892","13","True","luis-diaz-celebration"
"Granit Xhaka Celebration","gif","12845","46","True","granit-xhaka-celebration"
"Ghana - LET'S GO GHANA!","gif","12810","3","True","ghana-lets-go-ghana"
"OFC Head - LAST WARNING","gif","12660","1","True","ofc-head-last-warning"
"Raúl Jiménez - ¡LUCHADOR!","gif","12579","23","True","raul-jimenez-luchador"
"OneFootball Heads - HAPPY FRIENDSHIP DAY","gif","12575","1","True","onefootball-heads-happy-friendship-day"
"Leo Messi Celebration","gif","12556","30","True","leo-messi-celebration"
"Kai Havertz - HAVERTZ!","gif","12542","16","True","kai-havertz-havertz-4"
"Czechia Flag","gif","12526","49","True","czechia-flag-2"
"OFC Head - BLOW THE WHISTLE","gif","12441","0","True","ofc-head-blow-the-whistle"
"Norway Fan Celebration","gif","12395","27","True","norway-fan-celebration"
"Ofc Onefootball","gif","12342","2","True","ofc-onefootball-47"
"Luis Diaz - ¡LUCHOOO!","gif","12288","18","True","luis-diaz-luchooo"
"Argentina Fan Celebration","gif","12261","29","True","argentina-fan-celebration"
"OneFootball Heads - O CAPITÃO","gif","12142","6","True","onefootball-heads-o-capitao"
"Ofc Onefootball","gif","12040","4","True","ofc-onefootball-52"
"Senegal - ALLEZ LES LIONS!","gif","12004","44","True","senegal-allez-les-lions"
"Morocco - LET'S GO MOROCCO!","gif","11919","10","True","morocco-lets-go-morocco"
"Ofc Onefootball","gif","11914","1","True","ofc-onefootball-53"
"OFC Head - HAT TRICK (Juggle)","gif","11671","35","True","ofc-head-hat-trick-juggle"
"Bruno Fernandes Celebration","gif","11661","26","True","bruno-fernandes-celebration-1"
"Sadio Mané Celebration","gif","11597","9","True","sadio-mane-celebration"
"OneFootball Heads - VOTE (Blue)","gif","11582","3","True","onefootball-heads-vote-blue"
"Türkiye - Guler","gif","11561","46","True","turkiye-guler"
"Sadio Mané - MANÉ MAGIC!","gif","11546","4","True","sadio-mane-mane-magic"
"Pedri Celebration","gif","11503","68","True","pedri-celebration"
"Harry Kane Celebration","gif","11492","36","True","harry-kane-celebration"
"Haiti Fan Celebration","gif","11433","37","True","haiti-fan-celebration"
"Ecuador - LET'S GO ECUADOR!","gif","11345","16","True","ecuador-lets-go-ecuador"
"Ofc Onefootball","gif","11245","5","True","ofc-onefootball-56"
"OFC Head - Hat Trick Doff (No Text)","gif","11195","49","True","ofc-head-hat-trick-doff-no-text"
"Ofc Onefootball","gif","11190","1","True","ofc-onefootball-48"
"Bosnia Fan Celebration","gif","11147","30","True","bosnia-fan-celebration"
"William Saliba Celebration","gif","11095","14","True","william-saliba-celebration"
"OFC Head - THAT'S A HAT TRICK","gif","11048","33","True","ofc-head-thats-a-hat-trick"
"Czechia - Let's Go!","gif","11038","15","True","czechia-lets-go"
"Pedri - EL MAGO","gif","10936","31","True","pedri-el-mago"
"Ofc Onefootball","gif","10935","2","True","ofc-onefootball-57"
"William Saliba - SALIBAAA!","gif","10832","13","True","william-saliba-salibaaa"
"OneFootball Heads - PARK THE BUS","gif","10680","8","True","onefootball-heads-park-the-bus"
"Czechia Fan Celebration","gif","10658","3","True","czechia-fan-celebration"
"OneFootball Heads - REACTION_PARKTHEBUS_NT","gif","10446","6","True","onefootball-heads-reaction-parkthebus-nt"
"Ofc Onefootball","gif","10339","0","True","ofc-onefootball-4"
"Ofc Onefootball","gif","10130","1","True","ofc-onefootball-50"
"Algeria Fan Celebration","gif","10086","29","True","algeria-fan-celebration"
"DR Congo - LES LÉOPARDS!","gif","10040","3","True","dr-congo-les-leopards"
"Jude Bellingham Celebration","gif","9921","43","True","jude-bellingham-celebration"
"Florian Wirtz - WIRTZ MAGIC","gif","9737","1","True","florian-wirtz-wirtz-magic"
"Kai Havertz Celebration","gif","9436","18","True","kai-havertz-celebration"
"Jamal Musiala Celebration","gif","9402","39","True","jamal-musiala-celebration"
"Phil Foden - SUPER PHIL!","gif","9356","5","True","phil-foden-super-phil"
"Heung Min Son Celebration","gif","9309","38","True","heung-min-son-celebration"
"Ofc Onefootball","gif","9260","6","True","ofc-onefootball-43"
"Ofc Onefootball","gif","9212","3","True","ofc-onefootball-60"
"Ofc Onefootball","gif","9136","3","True","ofc-onefootball-67"
"Erling Haaland Celebration","gif","9086","32","True","erling-haaland-celebration-2"
"Heung Min Son - SONNY!","gif","9067","26","True","heung-min-son-sonny-7"
"OneFootball Heads - WINNER WINNER","gif","9037","24","True","onefootball-heads-winner-winner"
"Phil Foden Celebration","gif","8979","6","True","phil-foden-celebration"
"OneFootball Heads - DOOMSCROLLING","gif","8898","0","True","onefootball-heads-doomscrolling"
"Uzbekistan - LET'S GO UZBEKISTAN!","gif","8865","12","True","uzbekistan-lets-go-uzbekistan"
"Jamal Musiala - BAMBI MAGIC","gif","8784","36","True","jamal-musiala-bambi-magic"
"OneFootball Heads - HUP HOLLAND HUP!","gif","8506","27","True","onefootball-heads-hup-holland-hup"
"OneFootball Heads - LABAN PILIPINAS!","gif","8489","0","True","onefootball-heads-laban-pilipinas"
"DR Congo Flag","gif","8472","7","True","dr-congo-flag-1"
"Morocco Fan Celebration","gif","8459","52","True","morocco-fan-celebration"
"DR Congo Fan Celebration","gif","8435","48","True","dr-congo-fan-celebration"
"Vitinha Celebration","gif","8403","6","True","vitinha-celebration"
"Alisson Becker Celebration","gif","8192","7","True","alisson-becker-celebration"
"Florian Wirtz Celebration","gif","8185","3","True","florian-wirtz-celebration-1"
"That Was Awful Bad","gif","8155","2","True","that-was-awful-bad"
"Ivory Coast - LET'S GO CÔTE D'IVOIRE!","gif","8071","7","True","ivory-coast-lets-go-cote-divoire"
"Mexico - LET'S GO MEXICO!","gif","8039","95","True","mexico-lets-go-mexico-1"
"Snack Fridge","gif","8017","8","True","snack-fridge"
"Vitinha - VITINHAAA!","gif","7981","4","True","vitinha-vitinhaaa"
"Japan - SAMURAI BLUE!","gif","7856","3","True","japan-samurai-blue"
"Raúl Jiménez Celebration","gif","7823","28","True","raul-jimenez-celebration"
"OFC Head - Hat Trick Juggle (No Text)","gif","7789","42","True","ofc-head-hat-trick-juggle-no-text"
"South Korea Fan Celebration","gif","7788","18","True","south-korea-fan-celebration"
"Brazil - LET'S GO BRAZIL!","gif","7771","8","True","brazil-lets-go-brazil"
"OFC Head - Headphones On","gif","7757","2","True","ofc-head-headphones-on"
"Ofc Onefootball","gif","7641","3","True","ofc-onefootball-63"
"OneFootball Heads - FRIEND REQUEST ACCEPTED","gif","7436","5","True","onefootball-heads-friend-request-accepted"
"Ofc Onefootball","gif","7394","3","True","ofc-onefootball-51"
"Ofc Onefootball","gif","7139","1","True","ofc-onefootball-3"
"OFC Head - YOU'RE OFF!","gif","7051","42","True","ofc-head-youre-off"
"OFC Head - YELLOW CARD","gif","6888","18","True","ofc-head-yellow-card-1"
"OFC Head - FIRST PLACE","gif","6885","36","True","ofc-head-first-place"
"OneFootball Heads - JAZDA!","gif","6821","3","True","onefootball-heads-jazda"
"OneFootball Heads - BYE SUMMER","gif","6761","0","True","onefootball-heads-bye-summer"
"Senegal - Mane","gif","6705","8","True","senegal-mane"
"USA - Pulisic","gif","6632","5","True","usa-pulisic"
"OFC Head - BIG GREEN FLAG","gif","6631","1","True","ofc-head-big-green-flag"
"Senegal Flag","gif","6438","22","True","senegal-flag-3"
"OneFootball Heads - I'M BROKE","gif","6350","48","True","onefootball-heads-im-broke-1"
"Manuel Neuer - NOTHING GETS PAST","gif","6298","4","True","manuel-neuer-nothing-gets-past"
"Onefootball Onefootball Heads","gif","6085","96","True","onefootball-onefootball-heads-3"
"Christian Pulisic Celebration","gif","6046","28","True","christian-pulisic-celebration"
"Onefootball Onefootball Heads","gif","6039","1","True","onefootball-onefootball-heads-18"
"Uzbekistan Fan Celebration","gif","6016","33","True","uzbekistan-fan-celebration"
"Declan Rice Celebration","gif","5993","4","True","declan-rice-celebration"
"Christian Pulisic - PULISIIIC!","gif","5981","10","True","christian-pulisic-pulisiiic"
"Portugal - SUIIIIII","gif","5960","20","True","portugal-suiiiiii"
"Antoine Semenyo - TOO STRONG!","gif","5889","12","True","antoine-semenyo-too-strong"
"Ofc Onefootball","gif","5813","3","True","ofc-onefootball-66"
"OneFootball Heads - GAMEDAY","gif","5658","1","True","onefootball-heads-gameday-1"
"Cristiano Ronaldo Celebration","gif","5582","62","True","cristiano-ronaldo-celebration-5"
"OneFootball Heads - GAMEDAY","gif","5552","17","True","onefootball-heads-gameday"
"OFC Head - Two Ball Juggle (No Text)","gif","5534","5","True","ofc-head-two-ball-juggle-no-text"
"USA - I BELIEVE THAT WE WILL WIN!","gif","5498","6","True","usa-i-believe-that-we-will-win"
"Leo Messi - G.O.A.T.","gif","5389","71","True","leo-messi-goat"
"Jude Bellingham - HERE'S JUDE!","gif","5316","29","True","jude-bellingham-heres-jude"
"Ofc Onefootball","gif","5263","6","True","ofc-onefootball-64"
"Saudi Arabia Fan Celebration","gif","5262","64","True","saudi-arabia-fan-celebration"
"Erling Haaland - ZEN MODE","gif","5225","14","True","erling-haaland-zen-mode"
"OneFootball Heads - VÔ ĐỊCH!","gif","5209","0","True","onefootball-heads-vo-dich"
"Portugal - LET'S GO PORTUGAL!","gif","5197","3","True","portugal-lets-go-portugal"
"OFC Head - I'M SORRY (No Text)","gif","5188","0","True","ofc-head-im-sorry-no-text"
"Ivory Coast Fan Celebration","gif","5181","9","True","ivory-coast-fan-celebration"
"OneFootball Heads - VIETNAM_VODICH_NT","gif","5179","0","True","onefootball-heads-vietnam-vodich-nt"
"OneFootball Heads - TAG YOUR BESTIE","gif","5125","1","True","onefootball-heads-tag-your-bestie"
"DefiHabibi - You Only Need To Bullpost OFC","gif","5117","22","True","defihabibi-you-only-need-to-bullpost-ofc"
"USA Flag","gif","5114","23","True","usa-flag-31"
"OneFootball Heads - I'M BROKE","gif","5030","41","True","onefootball-heads-im-broke"
"Onefootball Onefootball Heads","gif","5029","0","True","onefootball-onefootball-heads-5"
"Onefootball Heads Soccer","gif","4971","1","True","onefootball-heads-soccer-7"
"OneFootball Heads - WHERE'S MO?","gif","4914","19","True","onefootball-heads-wheres-mo"
"Onefootball Onefootball Heads","gif","4885","1","True","onefootball-onefootball-heads-40"
"Bruno Fernandes - THE SHRUG","gif","4817","27","True","bruno-fernandes-the-shrug"
"Jordan Fan Celebration","gif","4795","5","True","jordan-fan-celebration"
"Curacao Fan Celebration","gif","4726","46","True","curacao-fan-celebration"
"Alphonso Davies - PHONZIE!","gif","4707","0","True","alphonso-davies-phonzie-1"
"Alphonso Davies Celebration","gif","4706","1","True","alphonso-davies-celebration"
"OneFootball Heads - MAHAL KITA","gif","4670","4","True","onefootball-heads-mahal-kita"
"Onefootball Onefootball Heads","gif","4658","0","True","onefootball-onefootball-heads-39"
"Anthony Gordon - WELCOME TO BARÇA","gif","4629","18","True","anthony-gordon-welcome-to-barca"
"OneFootball Heads - MATCH DAY","gif","4593","7","True","onefootball-heads-match-day"
"Japan Fan Celebration","gif","4374","4","True","japan-fan-celebration"
"Curaçao - LET'S GO CURAÇAO!","gif","4352","51","True","curacao-lets-go-curacao"
"Iraq - LIONS OF MESOPOTAMIA!","gif","4349","3","True","iraq-lions-of-mesopotamia"
"Türkiye Flag","gif","4292","29","True","turkiye-flag"
"OneFootball Heads - SPAIN_CAMPEONES_NT","gif","4277","92","True","onefootball-heads-spain-campeones-nt"
"OFC Head - NICE ONE!","gif","4272","2","True","ofc-head-nice-one"
"OFC Head - THAT'S TWO","gif","4258","10","True","ofc-head-thats-two"
"OneFootball Heads - OFFSIDE!","gif","4231","52","True","onefootball-heads-offside-1"
"Peakaboo Mug","gif","4196","27","True","peakaboo-mug"
"OFC Head - CARVING TIME!","gif","4193","0","True","ofc-head-carving-time"
"OneFootball Heads - YOU'RE ON MUTE","gif","4152","7","True","onefootball-heads-youre-on-mute-1"
"OFC Head - Whistle Blow (No Text)","gif","4129","0","True","ofc-head-whistle-blow-no-text"
"OneFootball Heads - WHERE'S MO?","gif","4075","49","True","onefootball-heads-wheres-mo-1"
"OneFootball Heads - REACTION_IMBROKE_NT","gif","4068","51","True","onefootball-heads-reaction-imbroke-nt-1"
"OneFootball Heads - OFFSIDE!","gif","4055","3","True","onefootball-heads-offside"
"OneFootball Heads - LET HIM COOK","gif","4031","46","True","onefootball-heads-let-him-cook"
"OneFootball Heads - LET HIM COOK","gif","4014","38","True","onefootball-heads-let-him-cook-1"
"OFC Head - Green Flag (No Text)","gif","4001","0","True","ofc-head-green-flag-no-text"
"OFC Head - Trophy","gif","3987","6","True","ofc-head-trophy"
"Mexico Fan Celebration","gif","3868","30","True","mexico-fan-celebration"
"What'S Going On Onefootball Heads","gif","3858","2","True","whats-going-on-onefootball-heads"
"OneFootball Heads - REACTION_IMBROKE_NT","gif","3855","47","True","onefootball-heads-reaction-imbroke-nt"
"OneFootball Heads - YOU'RE ON MUTE","gif","3841","3","True","onefootball-heads-youre-on-mute"
"Iraq Flag","gif","3834","2","True","iraq-flag-6"
"Senegal - TÉRANGA POWER!","gif","3822","28","True","senegal-teranga-power"
"Andy Robertson - ROBBO!","gif","3799","43","True","andy-robertson-robbo"
"Ofc Onefootball","gif","3786","1","True","ofc-onefootball-2"
"OneFootball Heads - GM CHAT","gif","3749","3","True","onefootball-heads-gm-chat"
"Onefootball Onefootball Heads","gif","3748","0","True","onefootball-onefootball-heads-46"
"OFC Head - Jersey Reveal","gif","3733","27","True","ofc-head-jersey-reveal"
"OneFootball Heads - HERE WE GO!","gif","3730","2","True","onefootball-heads-here-we-go"
"OFC Head - Metal Detector (No Text)","gif","3682","1","True","ofc-head-metal-detector-no-text"
"Senegal - LIONS DE LA TÉRANGA!","gif","3653","16","True","senegal-lions-de-la-teranga"
"OneFootball Heads - BIG HUG","gif","3644","0","True","onefootball-heads-big-hug"
"Leo Messi - MESSI TIME","gif","3642","29","True","leo-messi-messi-time"
"OneFootball Heads - HAPPY BIRTHDAY LUKA","gif","3642","9","True","onefootball-heads-happy-birthday-luka-1"
"Kylian Mbappe - GOLDEN BOOT","gif","3608","1","True","kylian-mbappe-golden-boot"
"OneFootball Heads - REACTION_LETHIMCOOK_NT","gif","3589","39","True","onefootball-heads-reaction-lethimcook-nt"
"OneFootball Heads - REACTION_MATCHDAY_NT","gif","3569","4","True","onefootball-heads-reaction-matchday-nt"
"OFC Head - BAD CALL REF","gif","3563","9","True","ofc-head-bad-call-ref"
"OneFootball Heads - REACTION_LETHIMCOOK_NT","gif","3557","35","True","onefootball-heads-reaction-lethimcook-nt-1"
"Iran Fan Celebration","gif","3430","50","True","iran-fan-celebration"
"OneFootball Heads - ENGLAND_GORDONBARCA_NT","gif","3399","12","True","onefootball-heads-england-gordonbarca-nt"
"Onefootball Heads Soccer","gif","3376","0","True","onefootball-heads-soccer-6"
"OneFootball Heads - REACTION_ONMUTE_NT","gif","3341","47","True","onefootball-heads-reaction-onmute-nt"
"OneFootball Heads - WHAT A SAVE!","gif","3314","0","True","onefootball-heads-what-a-save"
"OneFootball Heads - BUCKETS","gif","3312","0","True","onefootball-heads-buckets"
"Qatar Fan Celebration","gif","3307","45","True","qatar-fan-celebration"
"Onefootball Heads Soccer","gif","3291","0","True","onefootball-heads-soccer-36"
"Senegal Fan Celebration","gif","3285","18","True","senegal-fan-celebration"
"OneFootball Heads - REACTION_OFFSIDE_NT","gif","3285","3","True","onefootball-heads-reaction-offside-nt"
"Senegal - Let's Go!","gif","3279","41","True","senegal-lets-go"
"Onefootball Onefootball Heads","gif","3196","37","True","onefootball-onefootball-heads-2"
"Ofc Onefootball","gif","3174","5","True","ofc-onefootball-62"
"Manuel Neuer Celebration","gif","3134","42","True","manuel-neuer-celebration"
"OneFootball Heads - REACTION_HEREWEGO_NT","gif","3133","32","True","onefootball-heads-reaction-herewego-nt"
"OneFootball Heads - LONG WEEKEND","gif","3130","3","True","onefootball-heads-long-weekend"
"Luis Diaz Sticker","sticker","3113","2","True","luis-diaz-sticker"
"Jude Bellingham - HERE'S JUDE! Sticker","sticker","3103","0","True","jude-bellingham-heres-jude-sticker"
"Andy Robertson Celebration","gif","3102","39","True","andy-robertson-celebration"
"USA - McKennie","gif","3091","28","True","usa-mckennie"
"OneFootball Heads - BRB","gif","3077","3","True","onefootball-heads-brb"
"OneFootball Heads - REACTION_BYESUMMER_NT","gif","3067","0","True","onefootball-heads-reaction-byesummer-nt"
"Ofc Onefootball","gif","3045","1","True","ofc-onefootball-6"
"Onefootball Onefootball Heads","gif","3037","1","True","onefootball-onefootball-heads-14"
"OneFootball Heads - 5 MORE MINUTES","gif","3014","0","True","onefootball-heads-5-more-minutes"
"Croatia Fan Celebration","gif","3008","13","True","croatia-fan-celebration"
"OFC Head - WHAT'S THAT?","gif","2998","0","True","ofc-head-whats-that"
"Raphinha Celebration","gif","2985","28","True","raphinha-celebration"
"Iraq Fan Celebration","gif","2984","37","True","iraq-fan-celebration"
"OneFootball Heads - NO SPOILERS!","gif","2982","0","True","onefootball-heads-no-spoilers"
"OneFootball Heads - NO SPOILERS!","gif","2973","0","True","onefootball-heads-no-spoilers-1"
"Antoine Semenyo Celebration","gif","2937","2","True","antoine-semenyo-celebration"
"Switzerland Fan Celebration","gif","2929","3","True","switzerland-fan-celebration"
"OFC Head - WE WON!","gif","2924","2","True","ofc-head-we-won"
"OneFootball Heads - REACTION_BRB_NT","gif","2873","3","True","onefootball-heads-reaction-brb-nt"
"OneFootball Heads - BRB","gif","2854","3","True","onefootball-heads-brb-1"
"OneFootball Heads - MY TEAM","gif","2809","0","True","onefootball-heads-my-team"
"Onefootball Heads Soccer","gif","2808","0","True","onefootball-heads-soccer-29"
"OneFootball Heads - ARGENTINA_MESSITIME_NT","gif","2751","32","True","onefootball-heads-argentina-messitime-nt"
"USA - Let's Go!","gif","2721","5","True","usa-lets-go"
"Iraq - Let's Go!","gif","2712","4","True","iraq-lets-go"
"OneFootball Heads - HANDBALL!","gif","2671","18","True","onefootball-heads-handball"
"OneFootball Heads - ¡EL GRITO!","gif","2668","0","True","onefootball-heads-el-grito"
"OneFootball Heads - PAYDAY!","gif","2664","0","True","onefootball-heads-payday-1"
"Scotland - LET'S GO TARTAN ARMY!","gif","2649","4","True","scotland-lets-go-tartan-army"
"OneFootball Heads - REACTION_BRB_NT","gif","2639","3","True","onefootball-heads-reaction-brb-nt-1"
"USA Fan Celebration","gif","2637","26","True","usa-fan-celebration"
"Scotland Fan Celebration","gif","2637","31","True","scotland-fan-celebration"
"Ofc Onefootball Club","gif","2620","32","True","ofc-onefootball-club"
"New Zealand - LET'S GO NEW ZEALAND!","gif","2571","27","True","new-zealand-lets-go-new-zealand"
"Onefootball Onefootball Heads","gif","2565","0","True","onefootball-onefootball-heads-17"
"OneFootball Heads - RELAX.","gif","2564","17","True","onefootball-heads-relax"
"OneFootball Heads - HALF TIME","gif","2554","14","True","onefootball-heads-half-time-1"
"OneFootball Heads - HANDBALL!","gif","2545","33","True","onefootball-heads-handball-1"
"Onefootball Onefootball Heads","gif","2536","2","True","onefootball-onefootball-heads-48"
"OFC Head - Yellow Card","gif","2529","11","True","ofc-head-yellow-card"
"Paraguay Fan Celebration","gif","2524","10","True","paraguay-fan-celebration"
"OneFootball Heads - VOTE (Red)","gif","2513","3","True","onefootball-heads-vote-red"
"OFC Head - THAT'S NOT FUNNY","gif","2480","21","True","ofc-head-thats-not-funny"
"OneFootball Heads - HALF TIME","gif","2474","26","True","onefootball-heads-half-time"
"Onefootball Onefootball Heads","gif","2473","56","True","onefootball-onefootball-heads-4"
"Erling Haaland Celebration","gif","2465","60","True","erling-haaland-celebration-1"
"Vini Jr Celebration","gif","2423","43","True","vini-jr-celebration"
"OneFootball Heads - VAMOS PARAGUAY!","gif","2362","16","True","onefootball-heads-vamos-paraguay"
"OneFootball Heads - ¡DALE DALE!","gif","2344","14","True","onefootball-heads-dale-dale"
"OneFootball Heads - ¡DALE DALE!","gif","2338","10","True","onefootball-heads-dale-dale-1"
"OneFootball Heads - OUT OF OFFICE","gif","2333","0","True","onefootball-heads-out-of-office"
"OneFootball Heads - OUT OF OFFICE","gif","2326","0","True","onefootball-heads-out-of-office-1"
"OneFootball Heads - HAPPY BIRTHDAY LUKA","gif","2317","19","True","onefootball-heads-happy-birthday-luka"
"Cristiano Ronaldo - SIUUU!","gif","2256","52","True","cristiano-ronaldo-siuuu-3"
"OneFootball Heads - REACTION_HALFTIME_NT","gif","2212","82","True","onefootball-heads-reaction-halftime-nt"
"OneFootball Heads - REACTION_GAMEDAY_NT","gif","2203","23","True","onefootball-heads-reaction-gameday-nt"
"OneFootball Heads - REACTION_HALFTIME_NT","gif","2199","73","True","onefootball-heads-reaction-halftime-nt-1"
"Chockman - Gift Box Surprise","gif","2199","21","True","chockman-gift-box-surprise"
"Brazil Fan Celebration","gif","2193","6","True","brazil-fan-celebration"
"OFC Head - RED CARD","gif","2191","1","True","ofc-head-red-card-1"
"Harry Kane - HAPPY BIRTHDAY HARRY","gif","2187","0","True","harry-kane-happy-birthday-harry"
"Jude Bellingham Sticker","sticker","2160","0","True","jude-bellingham-sticker"
"OneFootball Heads - FRANCE_GOLDENBOOT_NT","gif","2143","0","True","onefootball-heads-france-goldenboot-nt"
"Scotland - YESSIR, I CAN BOOGIE!","gif","2136","5","True","scotland-yessir-i-can-boogie"
"OneFootball Heads - REACTION_BBQTIME_NT","gif","2128","45","True","onefootball-heads-reaction-bbqtime-nt"
"Mo Salah - EGYPTIAN KING Sticker","sticker","2126","0","True","mo-salah-egyptian-king-sticker"
"OFC Head - Not Funny (No Text)","gif","2125","0","True","ofc-head-not-funny-no-text"
"Onefootball Heads Soccer","gif","2116","1","True","onefootball-heads-soccer-22"
"OneFootball Heads - REACTION_BBQTIME_NT","gif","2111","46","True","onefootball-heads-reaction-bbqtime-nt-1"
"OneFootball Heads - SHOWTIME","gif","2092","3","True","onefootball-heads-showtime"
"Luis Diaz - ¡LUCHOOO! Sticker","sticker","2086","0","True","luis-diaz-luchooo-sticker"
"OneFootball Heads - JOIN OUR SPACE","gif","2070","1","True","onefootball-heads-join-our-space"
"Portugal Fan Celebration","gif","2065","29","True","portugal-fan-celebration"
"OFC Head - Red Card","gif","2049","61","True","ofc-head-red-card"
"Jude Bellingham Sticker","sticker","2020","0","True","jude-bellingham-sticker-2"
"OFC Head - LET'S GO!","gif","1993","1","True","ofc-head-lets-go"
"Jude Bellingham Sticker","sticker","1977","0","True","jude-bellingham-sticker-1"
"Ofc Onefootball Club","gif","1977","7","True","ofc-onefootball-club-2"
"Onefootball Heads Soccer","gif","1974","0","True","onefootball-heads-soccer-10"
"Mo Salah Sticker","sticker","1966","2","True","mo-salah-sticker-1"
"OneFootball Heads - دام عزك يا وطن","gif","1955","0","True","onefootball-heads-dam-aazk-ya-otn"
"OneFootball Heads - BBQ TIME","gif","1938","6","True","onefootball-heads-bbq-time-1"
"OneFootball Heads - BBQ TIME","gif","1919","0","True","onefootball-heads-bbq-time"
"Lamine Yamal Sticker","sticker","1918","0","True","lamine-yamal-sticker-1"
"Lamine Yamal - EL NIÑO Sticker","sticker","1909","0","True","lamine-yamal-el-nino-sticker"
"Onefootball Heads Soccer","gif","1878","1","True","onefootball-heads-soccer-20"
"Onefootball Heads Soccer","gif","1872","0","True","onefootball-heads-soccer-9"
"OneFootball Heads - SPACE TIME","gif","1862","3","True","onefootball-heads-space-time"
"OneFootball Heads - POLAND_JAZDA_NT","gif","1852","9","True","onefootball-heads-poland-jazda-nt"
"OneFootball Heads - SMELLS GOOD","gif","1847","43","True","onefootball-heads-smells-good"
"OneFootball Heads - TRUST THE PROCESS","gif","1847","0","True","onefootball-heads-trust-the-process"
"OneFootball Heads - EGYPT_YALLA_NT","gif","1845","3","True","onefootball-heads-egypt-yalla-nt"
"OneFootball Heads - SMELLS GOOD","gif","1836","63","True","onefootball-heads-smells-good-1"
"Onefootball Onefootball Heads","gif","1836","0","True","onefootball-onefootball-heads-10"
"Onefootball Heads Soccer","gif","1834","0","True","onefootball-heads-soccer-12"
"Onefootball Onefootball Heads","gif","1823","0","True","onefootball-onefootball-heads-45"
"OneFootball Heads - GET IN!","gif","1819","1","True","onefootball-heads-get-in"
"OneFootball Heads - REACTION_BBQSNIFF_NT","gif","1814","50","True","onefootball-heads-reaction-bbqsniff-nt"
"OneFootball Heads - REACTION_WHATASAVE_NT","gif","1803","0","True","onefootball-heads-reaction-whatasave-nt"
"OneFootball Heads - GET IN!","gif","1802","2","True","onefootball-heads-get-in-1"
"Jude Bellingham - BELLINGOAL Sticker","sticker","1776","0","True","jude-bellingham-bellingoal-sticker"
"Onefootball Onefootball Heads","gif","1770","0","True","onefootball-onefootball-heads-38"
"OneFootball Heads - REACTION_DOOMSCROLL_NT","gif","1755","0","True","onefootball-heads-reaction-doomscroll-nt"
"Ofc Onefootball","gif","1742","2","True","ofc-onefootball-22"
"OFC Head - WHAT A GOAL!","gif","1738","46","True","ofc-head-what-a-goal"
"OFC Head - Dance (No Text)","gif","1683","0","True","ofc-head-dance-no-text"
"Ronaldo Cr7","gif","1659","9","True","ronaldo-cr7-35"
"Onefootball Onefootball Heads","gif","1647","1","True","onefootball-onefootball-heads-43"
"Sweden Flag","gif","1631","53","True","sweden-flag-13"
"Onefootball Heads Soccer","gif","1631","1","True","onefootball-heads-soccer-30"
"Jude Bellingham - BELLINGOAL","gif","1618","3","True","jude-bellingham-bellingoal"
"Uruguay Fan Celebration","gif","1617","15","True","uruguay-fan-celebration"
"OneFootball Heads - BACK TO SCHOOL","gif","1593","6","True","onefootball-heads-back-to-school"
"OneFootball Heads - MONDAY AGAIN","gif","1579","0","True","onefootball-heads-monday-again"
"Onefootball Heads Soccer","gif","1570","0","True","onefootball-heads-soccer-17"
"Onefootball Heads Soccer","gif","1558","1","True","onefootball-heads-soccer-13"
"Onefootball Onefootball Heads","gif","1545","11","True","onefootball-onefootball-heads-41"
"OneFootball Heads - REACTION_OUTOFOFFICE_NT","gif","1540","0","True","onefootball-heads-reaction-outofoffice-nt"
"Netherlands Fan Celebration","gif","1536","54","True","netherlands-fan-celebration"
"OneFootball Heads - ALLEZ LES BLEUS!","gif","1528","3","True","onefootball-heads-allez-les-bleus"
"OneFootball Heads - LOCK IN","gif","1485","2","True","onefootball-heads-lock-in"
"Ecuador Fan Celebration","gif","1476","3","True","ecuador-fan-celebration"
"OneFootball Heads - REACTION_GETIN_NT","gif","1472","2","True","onefootball-heads-reaction-getin-nt"
"OFC Head - LOVE YOU","gif","1462","1","True","ofc-head-love-you"
"OneFootball Heads - REACTION_GETIN_NT","gif","1461","2","True","onefootball-heads-reaction-getin-nt-1"
"Sweden - BLÅGULT!","gif","1443","44","True","sweden-blagult"
"Onefootball Onefootball Heads","gif","1432","0","True","onefootball-onefootball-heads-44"
"OneFootball Heads - ENGLAND_BELLINGOAL_NT","gif","1403","3","True","onefootball-heads-england-bellingoal-nt"
"OneFootball Heads - REACTION_LOCKIN_NT","gif","1401","2","True","onefootball-heads-reaction-lockin-nt"
"Vini Jr - BAILA VINI! Sticker","sticker","1395","0","True","vini-jr-baila-vini-sticker"
"OneFootball Heads - PENALTY!","gif","1385","36","True","onefootball-heads-penalty"
"OneFootball Heads - RESPECT","gif","1385","0","True","onefootball-heads-respect"
"Onefootball Heads Soccer","gif","1382","0","True","onefootball-heads-soccer-18"
"OneFootball Heads - PENALTY!","gif","1372","30","True","onefootball-heads-penalty-1"
"OneFootball Heads - OFC App","gif","1365","25","True","onefootball-heads-ofc-app"
"Julián Alvarez - LA ARAÑA! Sticker","sticker","1361","2","True","julian-alvarez-la-arana-sticker"
"Phil Foden - SUPER PHIL! Sticker","sticker","1343","2","True","phil-foden-super-phil-sticker"
"Ofc Onefootball Club","gif","1312","12","True","ofc-onefootball-club-1"
"Jude Bellingham - CMON ENGLAND! Sticker","sticker","1291","0","True","jude-bellingham-cmon-england-sticker"
"OneFootball Heads - Space Time (No Text)","gif","1290","0","True","onefootball-heads-space-time-no-text"
"OFC Head - Pumpkin","gif","1281","0","True","ofc-head-pumpkin"
"Cristiano Ronaldo Sticker","sticker","1270","0","True","cristiano-ronaldo-sticker-6"
"Pedri Sticker","sticker","1232","0","True","pedri-sticker"
"OneFootball Heads - World Cup Fans Celebration","gif","1215","19","True","onefootball-heads-world-cup-fans-celebration"
"OFC Head - LOVE IT","gif","1212","0","True","ofc-head-love-it"
"OneFootball Heads - SIDE EYE","gif","1210","6","True","onefootball-heads-side-eye-1"
"OneFootball Heads - MATCHDAY Sticker","sticker","1208","0","True","onefootball-heads-matchday-sticker"
"Scream Akira","gif","1208","3","True","scream-akira"
"OneFootball Heads - GET WELL SOON","gif","1206","1","True","onefootball-heads-get-well-soon"
"Cristiano Ronaldo - SIUUU! Sticker","sticker","1203","0","True","cristiano-ronaldo-siuuu-sticker"
"OneFootball Heads - SIDE EYE","gif","1199","0","True","onefootball-heads-side-eye"
"OneFootball Heads - REACTION_SIDEEYE_NT","gif","1179","22","True","onefootball-heads-reaction-sideeye-nt"
"OneFootball Heads - REACTION_LONGWEEKEND_NT","gif","1176","3","True","onefootball-heads-reaction-longweekend-nt"
"Onefootball Heads Soccer","gif","1166","0","True","onefootball-heads-soccer-8"
"OneFootball Heads - NAIJA!","gif","1125","31","True","onefootball-heads-naija"
"Onefootball Heads Soccer","gif","1114","3","True","onefootball-heads-soccer-34"
"OneFootball Heads - KLIPY GM Sticker","sticker","1111","2","True","onefootball-heads-klipy-gm-sticker"
"OneFootball Heads - PHILIPPINES_LABAN_NT","gif","1090","0","True","onefootball-heads-philippines-laban-nt"
"OneFootball Heads - GET WELL SOON","gif","1089","1","True","onefootball-heads-get-well-soon-1"
"OneFootball Heads - PENALTY Sticker","sticker","1049","13","True","onefootball-heads-penalty-sticker"
"OneFootball Heads - PENALTY! Sticker","sticker","1030","13","True","onefootball-heads-penalty-sticker-1"
"OneFootball Heads - GAME ON, EH!","gif","1023","1","True","onefootball-heads-game-on-eh-1"
"OFC Head - PUMPKIN SPICE","gif","1019","21","True","ofc-head-pumpkin-spice"
"OneFootball Heads - MATCH DAY Sticker","sticker","1016","0","True","onefootball-heads-match-day-sticker"
"OneFootball Heads - GAME ON, EH!","gif","1015","1","True","onefootball-heads-game-on-eh"
"OneFootball Heads - Six Seven (No Text)","gif","1008","0","True","onefootball-heads-six-seven-no-text"
"Onefootball Heads Soccer","gif","1008","0","True","onefootball-heads-soccer-33"
"Heung Min Son Sticker","sticker","999","0","True","heung-min-son-sticker"
"OneFootball Heads - KLIPY KEYBOARD Sticker","sticker","989","0","True","onefootball-heads-klipy-keyboard-sticker"
"OneFootball Heads - 67 (Six Seven)","gif","987","4","True","onefootball-heads-67-six-seven"
"OneFootball Heads - SELFIE TIME","gif","980","0","True","onefootball-heads-selfie-time"
"Onefootball Heads Soccer","gif","969","0","True","onefootball-heads-soccer-19"
"Onefootball Heads Soccer","gif","969","0","True","onefootball-heads-soccer-11"
"OneFootball Heads - REACTION_GETWELL_NT","gif","957","1","True","onefootball-heads-reaction-getwell-nt"
"OneFootball Heads - REACTION_GETWELL_NT","gif","945","5","True","onefootball-heads-reaction-getwell-nt-1"
"Erling Haaland - HAALAND! Sticker","sticker","944","0","True","erling-haaland-haaland-sticker"
"OneFootball Heads - SELFIE TIME","gif","943","0","True","onefootball-heads-selfie-time-1"
"Kylian Mbappe - GOLDEN BOOT Sticker","sticker","937","0","True","kylian-mbappe-golden-boot-sticker"
"Kylian Mbappe Sticker","sticker","932","0","True","kylian-mbappe-sticker-1"
"Sweden Fan Celebration","gif","924","43","True","sweden-fan-celebration"
"OneFootball Heads - Fist Bump Sticker","sticker","918","0","True","onefootball-heads-fist-bump-sticker"
"OneFootball Heads - EGYPT_WHERESMO_NT","gif","913","12","True","onefootball-heads-egypt-wheresmo-nt"
"Onefootball Heads Soccer","gif","908","0","True","onefootball-heads-soccer-21"
"Kylian Mbappe Sticker","sticker","908","2","True","kylian-mbappe-sticker"
"Ronaldo Cr7","gif","895","74","True","ronaldo-cr7-34"
"New Zealand Fan Celebration","gif","891","57","True","new-zealand-fan-celebration"
"OneFootball Heads - REACTION_PENALTY_NT","gif","883","32","True","onefootball-heads-reaction-penalty-nt"
"OneFootball Heads - SWEATER WEATHER","gif","883","0","True","onefootball-heads-sweater-weather"
"Heung Min Son - SONNY! Sticker","sticker","881","2","True","heung-min-son-sonny-sticker"
"Australia - LET'S GO SOCCEROOS!","gif","879","33","True","australia-lets-go-socceroos"
"Onefootball Heads Soccer","gif","878","0","True","onefootball-heads-soccer-31"
"Luka Modric Sticker","sticker","876","2","True","luka-modric-sticker"
"OneFootball Heads - REACTION_SELFIE_NT","gif","862","0","True","onefootball-heads-reaction-selfie-nt"
"Erling Haaland Sticker","sticker","861","0","True","erling-haaland-sticker-1"
"Kylian Mbappe - MBAPPÉÉÉ! Sticker","sticker","860","0","True","kylian-mbappe-mbappeee-sticker"
"OneFootball Heads - ADD ME TO YOUR KEYBOARD Sticker","sticker","848","0","True","onefootball-heads-add-me-to-your-keyboard-sticker"
"OneFootball Heads - SAUDI_ARABIA_NATIONALDAY_NT","gif","842","0","True","onefootball-heads-saudi-arabia-nationalday-nt"
"OFC Head - SPOOKY SEASON","gif","841","0","True","ofc-head-spooky-season"
"OneFootball Heads - RESPECT Sticker","sticker","833","0","True","onefootball-heads-respect-sticker"
"OneFootball Heads - Jester (No Text)","gif","826","0","True","onefootball-heads-jester-no-text"
"OneFootball Heads - ENGLAND_KANEBDAY_NT","gif","820","3","True","onefootball-heads-england-kanebday-nt"
"Erling Haaland Sticker","sticker","814","2","True","erling-haaland-sticker"
"Erling Haaland Sticker","sticker","812","0","True","erling-haaland-sticker-2"
"Jérémy Doku Sticker","sticker","810","2","True","jeremy-doku-sticker"
"OneFootball Heads - FRIEND REQUEST ACCEPTED Sticker","sticker","807","0","True","onefootball-heads-friend-request-accepted-sticker"
"Onefootball Heads Soccer","gif","801","0","True","onefootball-heads-soccer-24"
"OneFootball Heads - KLIPY POWERED Sticker","sticker","798","0","True","onefootball-heads-klipy-powered-sticker"
"Chat Onefootball Heads","gif","796","0","True","chat-onefootball-heads"
"OneFootball Heads - REACTION_TRUSTPROCESS_NT","gif","790","0","True","onefootball-heads-reaction-trustprocess-nt"
"Onefootball Heads Soccer","gif","782","0","True","onefootball-heads-soccer-23"
"Onefootball Heads Soccer","gif","781","0","True","onefootball-heads-soccer-14"
"Leo Messi - MESSI TIME Sticker","sticker","780","0","True","leo-messi-messi-time-sticker"
"OneFootball Heads - KLIPY NOWON Sticker","sticker","774","0","True","onefootball-heads-klipy-nowon-sticker"
"OneFootball Heads - KLIPY WINNER Sticker","sticker","765","0","True","onefootball-heads-klipy-winner-sticker"
"OneFootball Heads - WINNER WINNER Sticker","sticker","755","0","True","onefootball-heads-winner-winner-sticker"
"Vini Jr Sticker","sticker","754","16","True","vini-jr-sticker"
"OneFootball Heads - Accept Button Sticker","sticker","748","0","True","onefootball-heads-accept-button-sticker"
"OneFootball Heads - KLIPY PARTNER Sticker","sticker","744","0","True","onefootball-heads-klipy-partner-sticker"
"OFC Head - Pumpkin Spice Sip","gif","743","25","True","ofc-head-pumpkin-spice-sip"
"Achraf Hakimi - TOO FAST! Sticker","sticker","728","2","True","achraf-hakimi-too-fast-sticker"
"OneFootball Heads - FRIENDS FOREVER","gif","718","1","True","onefootball-heads-friends-forever"
"OFC Head - Red Flag (No Text)","gif","718","0","True","ofc-head-red-flag-no-text"
"OFC Head - LOVE YOU (No Text)","gif","713","0","True","ofc-head-love-you-no-text"
"OneFootball Heads - TOUCH GRASS","gif","700","12","True","onefootball-heads-touch-grass"
"Onefootball Heads Soccer","gif","699","1","True","onefootball-heads-soccer-32"
"OFC Head - Sending Love","gif","695","0","True","ofc-head-sending-love"
"OneFootball Heads - NOW ON KLIPY Sticker","sticker","692","0","True","onefootball-heads-now-on-klipy-sticker"
"OneFootball Heads - POWERED BY KLIPY Sticker","sticker","684","0","True","onefootball-heads-powered-by-klipy-sticker"
"OneFootball Heads - BEST FRIENDS","gif","679","43","True","onefootball-heads-best-friends"
"OneFootball Heads - OFFICIAL KLIPY PARTNER Sticker","sticker","676","0","True","onefootball-heads-official-klipy-partner-sticker"
"Julián Alvarez Sticker","sticker","676","0","True","julian-alvarez-sticker"
"Sadio Mané Sticker","sticker","668","3","True","sadio-mane-sticker"
"OneFootball Heads - MEXICO_GRITO_NT","gif","665","0","True","onefootball-heads-mexico-grito-nt"
"Onefootball Heads Soccer","gif","662","0","True","onefootball-heads-soccer-26"
"OneFootball Heads - GM CHAT Sticker","sticker","660","0","True","onefootball-heads-gm-chat-sticker"
"OneFootball Heads - PARKTHEBUS Sticker","sticker","659","16","True","onefootball-heads-parkthebus-sticker"
"OneFootball Heads - I LOVE YOU (Rose)","gif","647","0","True","onefootball-heads-i-love-you-rose"
"Sweden - Let's Go!","gif","642","32","True","sweden-lets-go"
"Onefootball Heads Soccer","gif","640","0","True","onefootball-heads-soccer-25"
"OneFootball Heads - REACTION_AWKWARD_NT","gif","633","1","True","onefootball-heads-reaction-awkward-nt-1"
"OneFootball Heads - AWKWARD...","gif","628","0","True","onefootball-heads-awkward"
"Leo Messi Sticker","sticker","621","2","True","leo-messi-sticker"
"Rodri - RODRI KNOWS. Sticker","sticker","616","0","True","rodri-rodri-knows-sticker"
"OneFootball Heads - PARK THE BUS Sticker","sticker","612","16","True","onefootball-heads-park-the-bus-sticker"
"Luka Modric - THE MAESTRO Sticker","sticker","604","0","True","luka-modric-the-maestro-sticker"
"OneFootball Heads - AWKWARD...","gif","604","2","True","onefootball-heads-awkward-1"
"Raphinha Sticker","sticker","602","3","True","raphinha-sticker"
"Onefootball Heads Soccer","gif","598","0","True","onefootball-heads-soccer-27"
"Raphinha - RAPHINHA! Sticker","sticker","582","3","True","raphinha-raphinha-sticker"
"Erling Haaland - HE'S BACK Sticker","sticker","579","0","True","erling-haaland-hes-back-sticker"
"OneFootball Heads - NORWAY_HESBACK_NT","gif","576","30","True","onefootball-heads-norway-hesback-nt"
"OneFootball Heads - ¡VIVA ESPAÑA!","gif","573","19","True","onefootball-heads-viva-espana"
"OneFootball Heads - TRIPLE CAPTAIN","gif","571","0","True","onefootball-heads-triple-captain"
"OneFootball Heads - FORZA AZZURRI!","gif","564","18","True","onefootball-heads-forza-azzurri"
"Onefootball Onefootball Heads","gif","563","0","True","onefootball-onefootball-heads-50"
"Erling Haaland - ZEN MODE Sticker","sticker","557","0","True","erling-haaland-zen-mode-sticker"
"Achraf Hakimi Sticker","sticker","548","2","True","achraf-hakimi-sticker"
"Rodri Sticker","sticker","547","0","True","rodri-sticker"
"Jérémy Doku - DOKU DANCE! Sticker","sticker","547","0","True","jeremy-doku-doku-dance-sticker"
"OneFootball Heads - OFC Beacon","gif","543","0","True","onefootball-heads-ofc-beacon"
"Leo Messi - G.O.A.T. Sticker","sticker","541","5","True","leo-messi-goat-sticker"
"Rodri Sticker","sticker","540","0","True","rodri-sticker-1"
"OneFootball Heads - CAPTAIN SONNY","gif","526","6","True","onefootball-heads-captain-sonny"
"Onefootball Onefootball Heads","gif","523","0","True","onefootball-onefootball-heads-12"
"OneFootball Heads - HEREWEGO Sticker","sticker","521","0","True","onefootball-heads-herewego-sticker"
"OneFootball Heads - SOUTH_KOREA_SALUTE_NT","gif","512","6","True","onefootball-heads-south-korea-salute-nt"
"Manuel Neuer Sticker","sticker","505","0","True","manuel-neuer-sticker"
"OneFootball Heads - CUMHURİYET BAYRAMI","gif","502","27","True","onefootball-heads-cumhuriyet-bayrami"
"Antoine Semenyo Sticker","sticker","501","2","True","antoine-semenyo-sticker"
"Türkiye - Let's Go!","gif","497","3","True","turkiye-lets-go"
"Anthony Gordon Sticker","sticker","497","0","True","anthony-gordon-sticker"
"OneFootball Heads - REACTION_BUCKETS_NT","gif","495","0","True","onefootball-heads-reaction-buckets-nt"
"OneFootball Heads - MONDAYAGAIN Sticker","sticker","489","0","True","onefootball-heads-mondayagain-sticker"
"OneFootball Heads - TURKIYE_CUMHURIYET_NT","gif","481","27","True","onefootball-heads-turkiye-cumhuriyet-nt"
"OneFootball Heads - REACTION_TRIPLECAPTAIN_NT","gif","480","0","True","onefootball-heads-reaction-triplecaptain-nt"
"OneFootball Heads - PRESSURE","gif","476","0","True","onefootball-heads-pressure"
"Leo Messi Sticker","sticker","475","2","True","leo-messi-sticker-1"
"OneFootball Heads - HERE WE GO! Sticker","sticker","475","2","True","onefootball-heads-here-we-go-sticker"
"OneFootball Heads - GERMANY_SHOWTIME_NT","gif","472","0","True","onefootball-heads-germany-showtime-nt"
"Pedri - EL MAGO Sticker","sticker","457","0","True","pedri-el-mago-sticker"
"OneFootball Heads - BACKTOSCHOOL Sticker","sticker","453","0","True","onefootball-heads-backtoschool-sticker"
"OneFootball Heads - GG","gif","450","17","True","onefootball-heads-gg"
"OneFootball Heads - REACTION_AWKWARD_NT","gif","445","0","True","onefootball-heads-reaction-awkward-nt"
"OneFootball Heads - BACK TO SCHOOL Sticker","sticker","444","0","True","onefootball-heads-back-to-school-sticker"
"OneFootball Heads - ガンバレ!","gif","436","0","True","onefootball-heads"
"Türkiye Fan Celebration","gif","428","37","True","turkiye-fan-celebration"
"Alisson Becker Sticker","sticker","423","3","True","alisson-becker-sticker"
"OneFootball Heads - REACTION_PRESSURE_NT","gif","421","0","True","onefootball-heads-reaction-pressure-nt"
"OneFootball Heads - REACTION_HANDBALL_NT","gif","420","38","True","onefootball-heads-reaction-handball-nt"
"Michael Olise Sticker","sticker","418","2","True","michael-olise-sticker"
"Onefootball Onefootball Heads","gif","416","3","True","onefootball-onefootball-heads-13"
"OneFootball Heads - REACTION_HANDBALL_NT","gif","411","36","True","onefootball-heads-reaction-handball-nt-1"
"OneFootball Heads - Easter Eggs (No Text)","gif","403","0","True","onefootball-heads-easter-eggs-no-text"
"OneFootball Heads - MONDAY AGAIN Sticker","sticker","393","0","True","onefootball-heads-monday-again-sticker"
"OneFootball Heads - SPAIN_FIESTA_NT","gif","393","19","True","onefootball-heads-spain-fiesta-nt"
"OneFootball Heads - REACTION_GG_NT","gif","392","16","True","onefootball-heads-reaction-gg-nt"
"OFC Head - HOP ON","gif","388","0","True","ofc-head-hop-on"
"Antoine Semenyo - TOO STRONG! Sticker","sticker","376","0","True","antoine-semenyo-too-strong-sticker"
"OneFootball Heads - ARGENTINA_DALE_NT","gif","375","2","True","onefootball-heads-argentina-dale-nt"
"OneFootball Heads - HAPPY BIRTHDAY CHRISTIAN","gif","374","0","True","onefootball-heads-happy-birthday-christian"
"Sadio Mané - MANÉ MAGIC! Sticker","sticker","371","0","True","sadio-mane-mane-magic-sticker"
"OneFootball Heads - PORTUGAL_CAPTAIN_NT","gif","367","0","True","onefootball-heads-portugal-captain-nt"
"Onefootball Onefootball Heads","gif","365","0","True","onefootball-onefootball-heads-9"
"OneFootball Heads - REACTION_BACKTOSCHOOL_NT","gif","360","0","True","onefootball-heads-reaction-backtoschool-nt"
"OneFootball Heads - REACTION_SWEATERWEATHER_NT","gif","359","0","True","onefootball-heads-reaction-sweaterweather-nt"
"OneFootball Heads - Secret Handshake Sticker","sticker","353","0","True","onefootball-heads-secret-handshake-sticker"
"Alisson Becker - WHAT A SAVE! Sticker","sticker","338","0","True","alisson-becker-what-a-save-sticker"
"OneFootball Heads - FRANCE_ALLEZ_NT","gif","337","0","True","onefootball-heads-france-allez-nt"
"OFC Head - Thumbs Up","gif","334","0","True","ofc-head-thumbs-up"
"Arda Güler Sticker","sticker","330","0","True","arda-guler-sticker"
"Anthony Gordon Sticker","sticker","330","0","True","anthony-gordon-sticker-1"
"OneFootball Heads - AWKWARD Sticker","sticker","327","0","True","onefootball-heads-awkward-sticker"
"OneFootball Heads - BEST FRIENDS Sticker","sticker","326","0","True","onefootball-heads-best-friends-sticker"
"OneFootball Heads - NIGERIA_NAIJA_NT","gif","323","12","True","onefootball-heads-nigeria-naija-nt"
"Anthony Gordon - HOWAY! Sticker","sticker","319","0","True","anthony-gordon-howay-sticker"
"OneFootball Heads - SIDEEYE Sticker","sticker","317","0","True","onefootball-heads-sideeye-sticker"
"OneFootball Heads - OFFSIDE Sticker","sticker","314","20","True","onefootball-heads-offside-sticker"
"OneFootball Heads - OFFSIDE! Sticker","sticker","312","18","True","onefootball-heads-offside-sticker-1"
"OneFootball Heads - Friendship Bracelet Sticker","sticker","304","2","True","onefootball-heads-friendship-bracelet-sticker"
"OneFootball Heads - AWKWARD... Sticker","sticker","303","0","True","onefootball-heads-awkward-sticker-1"
"Onefootball Onefootball Heads","gif","301","0","True","onefootball-onefootball-heads-42"
"Manuel Neuer - NOTHING GETS PAST Sticker","sticker","298","0","True","manuel-neuer-nothing-gets-past-sticker"
"Raúl Jiménez - ¡LUCHADOR! Sticker","sticker","295","0","True","raul-jimenez-luchador-sticker"
"OneFootball Heads - LONGWEEKEND Sticker","sticker","294","0","True","onefootball-heads-longweekend-sticker"
"OFC Head - Cheer","gif","292","0","True","ofc-head-cheer"
"Raúl Jiménez Sticker","sticker","290","0","True","raul-jimenez-sticker"
"OneFootball Heads - USA_PULISICBDAY_NT","gif","286","0","True","onefootball-heads-usa-pulisicbday-nt"
"OneFootball Heads - SLOW CLAP","gif","285","0","True","onefootball-heads-slow-clap-1"
"OneFootball Heads - Dance (Vogue)","gif","283","0","True","onefootball-heads-dance-vogue"
"Rodri - CAMPEONES DEL MUNDO Sticker","sticker","275","2","True","rodri-campeones-del-mundo-sticker"
"OneFootball Heads - SLOW CLAP","gif","273","4","True","onefootball-heads-slow-clap"
"OneFootball Heads - LONG WEEKEND Sticker","sticker","272","0","True","onefootball-heads-long-weekend-sticker"
"OneFootball Heads - NETHERLANDS_RELAX_NT","gif","271","2","True","onefootball-heads-netherlands-relax-nt"
"OneFootball Heads - REACTION_SLOWCLAP_NT","gif","259","4","True","onefootball-heads-reaction-slowclap-nt"
"Arda Güler - THE WIZARD Sticker","sticker","258","0","True","arda-guler-the-wizard-sticker"
"OneFootball Heads - TAG YOUR BESTIE Sticker","sticker","258","0","True","onefootball-heads-tag-your-bestie-sticker"
"Declan Rice Sticker","sticker","256","2","True","declan-rice-sticker"
"OneFootball Heads - NETHERLANDS_HUP_NT","gif","256","0","True","onefootball-heads-netherlands-hup-nt"
"OneFootball Heads - CANADA_EH_NT","gif","253","0","True","onefootball-heads-canada-eh-nt"
"OneFootball Heads - BRB Sticker","sticker","252","0","True","onefootball-heads-brb-sticker"
"Granit Xhaka - THE LEADER Sticker","sticker","252","0","True","granit-xhaka-the-leader-sticker"
"OneFootball Heads - BRB Sticker","sticker","249","0","True","onefootball-heads-brb-sticker-1"
"OneFootball Heads - Christmas Window Wave","gif","247","0","True","onefootball-heads-christmas-window-wave"
"OneFootball Heads - I VOTED","gif","244","0","True","onefootball-heads-i-voted"
"OneFootball Heads - HAPPY FRIENDSHIP DAY Sticker","sticker","243","2","True","onefootball-heads-happy-friendship-day-sticker"
"OneFootball Heads - REACTION_TOUCHGRASS_NT","gif","239","12","True","onefootball-heads-reaction-touchgrass-nt"
"Bruno Fernandes Sticker","sticker","237","1","True","bruno-fernandes-sticker"
"Phil Foden Sticker","sticker","233","0","True","phil-foden-sticker"
"Michael Olise - ICE COLD Sticker","sticker","231","0","True","michael-olise-ice-cold-sticker"
"OneFootball Heads - YOU'RE ON MUTE Sticker","sticker","228","0","True","onefootball-heads-youre-on-mute-sticker"
"OneFootball Heads - HANDBALL Sticker","sticker","219","0","True","onefootball-heads-handball-sticker"
"William Saliba Sticker","sticker","219","0","True","william-saliba-sticker"
"Andy Robertson Sticker","sticker","215","1","True","andy-robertson-sticker"
"OneFootball Heads - SIDE EYE Sticker","sticker","214","0","True","onefootball-heads-side-eye-sticker"
"OneFootball Heads - GET WELL SOON Sticker","sticker","213","0","True","onefootball-heads-get-well-soon-sticker"
"William Saliba - SALIBAAA! Sticker","sticker","212","0","True","william-saliba-salibaaa-sticker"
"Onefootball Onefootball Heads","gif","211","1","True","onefootball-onefootball-heads-15"
"OneFootball Heads - GETIN Sticker","sticker","210","0","True","onefootball-heads-getin-sticker"
"OneFootball Heads - STILL HERE","gif","207","0","True","onefootball-heads-still-here"
"Granit Xhaka Sticker","sticker","202","0","True","granit-xhaka-sticker"
"OneFootball Heads - HANDBALL! Sticker","sticker","201","0","True","onefootball-heads-handball-sticker-1"
"OneFootball Heads - BYESUMMER Sticker","sticker","194","0","True","onefootball-heads-byesummer-sticker"
"Christian Pulisic Sticker","sticker","194","0","True","christian-pulisic-sticker"
"OneFootball Heads - I'M BROKE Sticker","sticker","193","0","True","onefootball-heads-im-broke-sticker"
"OneFootball Heads - CONGRATULATIONS! Sticker","sticker","192","0","True","onefootball-heads-congratulations-sticker"
"Virgil van Dijk - THE WALL. Sticker","sticker","186","0","True","virgil-van-dijk-the-wall-sticker"
"OneFootball Heads - GET IN! Sticker","sticker","185","0","True","onefootball-heads-get-in-sticker"
"OneFootball Heads - Point and Shout Sticker","sticker","179","0","True","onefootball-heads-point-and-shout-sticker"
"OneFootball Heads - CONGRATS Sticker","sticker","178","0","True","onefootball-heads-congrats-sticker"
"Harry Kane Sticker","sticker","178","0","True","harry-kane-sticker-1"
"Anthony Gordon - WELCOME TO BARÇA Sticker","sticker","176","0","True","anthony-gordon-welcome-to-barca-sticker"
"Harry Kane Sticker","sticker","176","2","True","harry-kane-sticker"
"OneFootball Heads - NO SPOILERS! Sticker","sticker","176","0","True","onefootball-heads-no-spoilers-sticker"
"Désiré Doué Sticker","sticker","170","2","True","desire-doue-sticker"
"OneFootball Heads - BYE SUMMER Sticker","sticker","170","0","True","onefootball-heads-bye-summer-sticker"
"OneFootball Heads - CROATIA_HBDLUKA_NT","gif","169","15","True","onefootball-heads-croatia-hbdluka-nt"
"Harry Kane - HURRICANE! Sticker","sticker","166","0","True","harry-kane-hurricane-sticker"
"Andy Robertson - ROBBO! Sticker","sticker","166","0","True","andy-robertson-robbo-sticker"
"OneFootball Heads - ITALY_FORZA_NT","gif","162","3","True","onefootball-heads-italy-forza-nt"
"Virgil van Dijk Sticker","sticker","161","2","True","virgil-van-dijk-sticker"
"Alphonso Davies - PHONZIE! Sticker","sticker","161","0","True","alphonso-davies-phonzie-sticker"
"OneFootball Heads - REACTION_NOSPOILERS_NT","gif","159","6","True","onefootball-heads-reaction-nospoilers-nt"
"OneFootball Heads - Happy Valentine's Day","gif","157","0","True","onefootball-heads-happy-valentines-day"
"OneFootball Heads - NOSPOILERS Sticker","sticker","157","0","True","onefootball-heads-nospoilers-sticker"
"OneFootball Heads - MISSYOU Sticker","sticker","156","0","True","onefootball-heads-missyou-sticker"
"OneFootball Heads - VAMOS Sticker","sticker","155","0","True","onefootball-heads-vamos-sticker"
"Alphonso Davies Sticker","sticker","153","0","True","alphonso-davies-sticker"
"Désiré Doué - GOLDEN BOY Sticker","sticker","153","0","True","desire-doue-golden-boy-sticker"
"Jamal Musiala Sticker","sticker","152","0","True","jamal-musiala-sticker"
"OneFootball Heads - SELFIE Sticker","sticker","150","0","True","onefootball-heads-selfie-sticker"
"OneFootball Heads - REACTION_MONDAYAGAIN_NT","gif","148","0","True","onefootball-heads-reaction-mondayagain-nt"
"Florian Wirtz Sticker","sticker","144","0","True","florian-wirtz-sticker"
"Phil Foden - CMON ENGLAND Sticker","sticker","143","0","True","phil-foden-cmon-england-sticker"
"OneFootball Heads - Shirt Gift Sticker","sticker","138","0","True","onefootball-heads-shirt-gift-sticker"
"Joshua Kimmich Sticker","sticker","134","0","True","joshua-kimmich-sticker"
"OneFootball Heads - REACTION_FIVEMOREMINS_NT","gif","131","0","True","onefootball-heads-reaction-fivemoremins-nt"
"OneFootball Heads - APRIL FOOLS (Disguise)","gif","130","0","True","onefootball-heads-april-fools-disguise"
"OneFootball Heads - BBQTIME Sticker","sticker","129","1","True","onefootball-heads-bbqtime-sticker"
"Joshua Kimmich - THE GENERAL Sticker","sticker","127","0","True","joshua-kimmich-the-general-sticker"
"OneFootball Heads - FRIENDS FOREVER Sticker","sticker","126","0","True","onefootball-heads-friends-forever-sticker"
"OneFootball Heads - REACTION_IVOTED_NT","gif","126","0","True","onefootball-heads-reaction-ivoted-nt"
"OneFootball Heads - EASTER MONDAY","gif","123","0","True","onefootball-heads-easter-monday"
"Ousmane Dembélé Sticker","sticker","121","0","True","ousmane-dembele-sticker"
"Ousmane Dembélé - DEMBOUZ! Sticker","sticker","119","0","True","ousmane-dembele-dembouz-sticker"
"OneFootball Heads - SELF CARE","gif","118","0","True","onefootball-heads-self-care"
"Phil Foden Sticker","sticker","117","0","True","phil-foden-sticker-1"
"OneFootball Heads - SELFIE TIME Sticker","sticker","115","0","True","onefootball-heads-selfie-time-sticker"
"OneFootball Heads - MY TEAM Sticker","sticker","115","0","True","onefootball-heads-my-team-sticker"
"OneFootball Heads - BBQ TIME Sticker","sticker","115","1","True","onefootball-heads-bbq-time-sticker"
"Christian Pulisic - PULISIIIC! Sticker","sticker","113","0","True","christian-pulisic-pulisiiic-sticker"
"OneFootball Heads - Captains Armband Sticker","sticker","112","0","True","onefootball-heads-captains-armband-sticker"
"OneFootball Heads - BBQSNIFF Sticker","sticker","111","0","True","onefootball-heads-bbqsniff-sticker"
"OneFootball Heads - HAPPY EASTER","gif","111","3","True","onefootball-heads-happy-easter"
"Declan Rice - COME ON! Sticker","sticker","110","0","True","declan-rice-come-on-sticker"
"OneFootball Heads - JAPAN_GANBARE_NT","gif","106","0","True","onefootball-heads-japan-ganbare-nt"
"OneFootball Heads - Hug Sticker","sticker","106","0","True","onefootball-heads-hug-sticker"
"OneFootball Heads - SMELLS GOOD Sticker","sticker","105","0","True","onefootball-heads-smells-good-sticker"
"Onefootball Onefootball Heads","gif","103","0","True","onefootball-onefootball-heads-49"
"OneFootball Heads - LET HIM COOK Sticker","sticker","103","0","True","onefootball-heads-let-him-cook-sticker"
"Federico Valverde Sticker","sticker","100","0","True","federico-valverde-sticker"
"OneFootball Heads - OUT OF OFFICE Sticker","sticker","98","0","True","onefootball-heads-out-of-office-sticker"
"Federico Valverde - EL PAJARITO! Sticker","sticker","97","0","True","federico-valverde-el-pajarito-sticker"
"Kobbie Mainoo - COMPOSED. Sticker","sticker","93","1","True","kobbie-mainoo-composed-sticker"
"Florian Wirtz - WIRTZ MAGIC Sticker","sticker","93","0","True","florian-wirtz-wirtz-magic-sticker"
"OneFootball Heads - APRIL FOOLS (Jester)","gif","89","0","True","onefootball-heads-april-fools-jester"
"OneFootball Heads - IMBROKE Sticker","sticker","86","0","True","onefootball-heads-imbroke-sticker"
"OneFootball Heads - HALFTIME Sticker","sticker","85","0","True","onefootball-heads-halftime-sticker"
"OneFootball Heads - BIG HUG Sticker","sticker","84","0","True","onefootball-heads-big-hug-sticker"
"Jamal Musiala - BAMBI MAGIC Sticker","sticker","83","0","True","jamal-musiala-bambi-magic-sticker"
"Harry Kane - HAPPY BIRTHDAY HARRY Sticker","sticker","82","0","True","harry-kane-happy-birthday-harry-sticker"
"Bruno Fernandes - THE SHRUG Sticker","sticker","81","1","True","bruno-fernandes-the-shrug-sticker"
"OneFootball Heads - HALF TIME Sticker","sticker","80","0","True","onefootball-heads-half-time-sticker"
"OneFootball Heads - VAMOS PARAGUAY! Sticker","sticker","79","0","True","onefootball-heads-vamos-paraguay-sticker"
"OneFootball Heads - OUTOFOFFICE Sticker","sticker","78","0","True","onefootball-heads-outofoffice-sticker"
"OneFootball Heads - PAYDAY Sticker","sticker","78","0","True","onefootball-heads-payday-sticker"
"OneFootball Heads - PAYDAY!","gif","75","38","True","onefootball-heads-payday"
"OneFootball Heads - April Fools Disguise (No Text)","gif","74","0","True","onefootball-heads-april-fools-disguise-no-text"
"OneFootball Heads - PAYDAY! Sticker","sticker","74","0","True","onefootball-heads-payday-sticker-1"
"OneFootball Heads - SLAY","gif","73","0","True","onefootball-heads-slay"
"OneFootball Heads - MISS YOU Sticker","sticker","69","0","True","onefootball-heads-miss-you-sticker"
"OneFootball Heads - ONMUTE Sticker","sticker","58","0","True","onefootball-heads-onmute-sticker"
"OneFootball Heads - EGO YAMAL","gif","56","1","True","onefootball-heads-ego-yamal"
"OneFootball Heads - GETWELL Sticker","sticker","53","0","True","onefootball-heads-getwell-sticker"
"OneFootball Heads - GERMANY_STILLHERE_NT","gif","49","0","True","onefootball-heads-germany-stillhere-nt"
"Kobbie Mainoo Sticker","sticker","48","0","True","kobbie-mainoo-sticker"
"Kai Havertz Sticker","sticker","47","0","True","kai-havertz-sticker"
"OneFootball Heads - REACTION_PAYDAY_NT","gif","46","38","True","onefootball-heads-reaction-payday-nt"
"OneFootball Heads - REACTION_SLAY_NT","gif","46","0","True","onefootball-heads-reaction-slay-nt"
"OneFootball Heads - LETHIMCOOK Sticker","sticker","45","0","True","onefootball-heads-lethimcook-sticker"
"OneFootball Heads - MISS YOU","gif","42","0","True","onefootball-heads-miss-you"
"OneFootball Heads - GAMEDAY Sticker","sticker","41","0","True","onefootball-heads-gameday-sticker-1"
"OneFootball Heads - MISS YOU","gif","41","0","True","onefootball-heads-miss-you-1"
"Vitinha Sticker","sticker","39","0","True","vitinha-sticker"
"Vitinha - VITINHAAA! Sticker","sticker","37","0","True","vitinha-vitinhaaa-sticker"
"OneFootball Heads - Valentine's Flowers","gif","35","1","True","onefootball-heads-valentines-flowers"
"OneFootball Heads - REACTION_MISSYOU_NT","gif","33","3","True","onefootball-heads-reaction-missyou-nt"
"OneFootball Heads - REACTION_MISSYOU_NT","gif","32","0","True","onefootball-heads-reaction-missyou-nt-1"
"Kai Havertz - HAVERTZ! Sticker","sticker","29","0","True","kai-havertz-havertz-sticker"
"OneFootball Heads - REACTION_SELFCARE_NT","gif","29","0","True","onefootball-heads-reaction-selfcare-nt"
"OneFootball Heads - GAMEDAY Sticker","sticker","28","0","True","onefootball-heads-gameday-sticker"
"OneFootball Heads - YOU GOT THIS","gif","26","0","True","onefootball-heads-you-got-this"
"OneFootball Heads - CONGRATULATIONS!","gif","19","3","True","onefootball-heads-congratulations"
"OneFootball Heads - SPAIN_EGOYAMAL_NT","gif","19","1","True","onefootball-heads-spain-egoyamal-nt"
"OneFootball Heads - CONGRATULATIONS!","gif","18","3","True","onefootball-heads-congratulations-1"
"OneFootball Heads - REACTION_CONGRATS_NT","gif","10","5","True","onefootball-heads-reaction-congrats-nt"
"OneFootball Heads - REACTION_CONGRATS_NT","gif","9","6","True","onefootball-heads-reaction-congrats-nt-1"
"OneFootball Heads - SLOW CLAP Sticker","sticker","7","0","True","onefootball-heads-slow-clap-sticker"
"OneFootball Heads - SLOWCLAP Sticker","sticker","7","0","True","onefootball-heads-slowclap-sticker"
"OneFootball Heads - REACTION_YOUGOTTHIS_NT","gif","5","0","True","onefootball-heads-reaction-yougotthis-nt"
"OneFootball Heads - REACTION_GOODNIGHT_NT","gif","5","10","True","onefootball-heads-reaction-goodnight-nt"
"OneFootball Heads - GOOD NIGHT","gif","2","0","True","onefootball-heads-good-night"
"G.O.A.T Messi","gif","1","9","True","goat-messi-5"
